# x	y	cluster	file
-36.38262939453125	24.000215530395508	1	811.mp3
-35.444541931152344	23.056501388549805	1	1265.mp3
-36.270503997802734	23.831636428833008	1	1883.mp3
-36.041587829589844	23.701444625854492	1	1614.mp3
-36.1038818359375	23.725736618041992	1	250.mp3
-35.7181282043457	23.380605697631836	1	1157.mp3
-35.327049255371094	23.164567947387695	1	1585.mp3
-36.051212310791016	23.550615310668945	1	1966.mp3
-36.04337692260742	23.552392959594727	1	1657.mp3
-36.356292724609375	23.737838745117188	1	43.mp3
-35.960792541503906	23.68171501159668	1	943.mp3
-35.93605422973633	23.658048629760742	1	957.mp3
-36.082183837890625	23.548648834228516	1	649.mp3
-35.916473388671875	23.65700340270996	1	733.mp3
-36.477622985839844	23.958574295043945	1	31.mp3
-36.40562438964844	23.778657913208008	1	1044.mp3
-35.433135986328125	23.227991104125977	1	998.mp3
-36.5220947265625	23.99942970275879	1	1297.mp3
-35.60257339477539	23.339881896972656	1	920.mp3
-36.005332946777344	23.6370906829834	1	1007.mp3
-36.24482727050781	23.813119888305664	1	1437.mp3
-36.44734191894531	23.955018997192383	1	910.mp3
-35.28436279296875	23.172487258911133	1	26.mp3
-35.56996154785156	23.452653884887695	1	67.mp3
-35.706275939941406	23.415983200073242	1	925.mp3
-36.30207061767578	23.8100643157959	1	1884.mp3
-36.3033447265625	23.726099014282227	1	594.mp3
-35.34715270996094	23.072431564331055	1	1652.mp3
-35.47450637817383	23.243900299072266	1	1718.mp3
-36.23529815673828	23.7375431060791	1	1119.mp3
-35.45825958251953	23.149065017700195	1	297.mp3
-36.76825714111328	24.169523239135742	1	397.mp3
-36.080055236816406	23.6484432220459	1	180.mp3
-36.00343704223633	23.669462203979492	1	108.mp3
-35.63652801513672	23.357450485229492	1	356.mp3
-36.60400390625	24.092676162719727	1	698.mp3
-35.70520782470703	23.454504013061523	1	1946.mp3
-35.56700134277344	23.326574325561523	1	194.mp3
-36.313228607177734	23.74478530883789	1	837.mp3
-36.01837158203125	23.54026222229004	1	605.mp3
-35.78822708129883	23.639741897583008	1	19.mp3
-36.236637115478516	23.849960327148438	1	836.mp3
-36.12934112548828	23.887420654296875	1	1559.mp3
-36.016510009765625	23.738954544067383	1	1292.mp3
-35.47090148925781	23.260204315185547	1	1074.mp3
-35.81143569946289	23.517805099487305	1	1382.mp3
-36.69606018066406	24.084674835205078	1	1475.mp3
-35.424964904785156	23.167261123657227	1	1394.mp3
-35.8088493347168	23.655908584594727	1	610.mp3
-36.229759216308594	23.721872329711914	1	66.mp3
-36.326927185058594	23.932165145874023	1	947.mp3
-35.47724151611328	23.137245178222656	1	562.mp3
-36.06553649902344	23.60114288330078	1	567.mp3
-36.09455108642578	23.612661361694336	1	1813.mp3
-35.75032043457031	23.41045379638672	1	1076.mp3
-35.67571258544922	23.544309616088867	1	544.mp3
-36.19721984863281	23.797929763793945	1	889.mp3
-35.86870574951172	23.584613800048828	1	408.mp3
-35.735084533691406	23.411983489990234	1	1970.mp3
-35.064414978027344	22.89976692199707	1	58.mp3
-35.84681701660156	23.577861785888672	1	1125.mp3
-36.208473205566406	23.87981605529785	1	959.mp3
-36.38029861450195	23.91153907775879	1	1705.mp3
-35.97144317626953	23.58030128479004	1	1396.mp3
-35.79182434082031	23.574235916137695	1	29.mp3
-35.61663818359375	23.3404598236084	1	72.mp3
-35.457275390625	23.083364486694336	1	1783.mp3
-36.15353775024414	23.77754783630371	1	284.mp3
-36.496036529541016	23.971786499023438	1	1167.mp3
-35.567626953125	23.402631759643555	1	1046.mp3
-35.879981994628906	23.41083526611328	1	117.mp3
-36.16679382324219	23.833980560302734	1	1859.mp3
-36.476226806640625	23.869421005249023	1	1170.mp3
-35.90081787109375	23.54829978942871	1	969.mp3
-36.543548583984375	23.99744987487793	1	1621.mp3
-35.50932693481445	23.26597023010254	1	892.mp3
-35.99392318725586	23.530845642089844	1	1214.mp3
-36.005123138427734	23.59858512878418	1	474.mp3
-36.442108154296875	23.915084838867188	1	1910.mp3
-35.960899353027344	23.59401512145996	1	1158.mp3
-36.52057647705078	24.025625228881836	1	1567.mp3
-36.01369857788086	23.622220993041992	1	46.mp3
-35.87879180908203	23.603219985961914	1	335.mp3
-35.52513122558594	23.268068313598633	1	1880.mp3
-35.86744689941406	23.411012649536133	1	1778.mp3
-36.78181076049805	24.183286666870117	1	312.mp3
-36.19822692871094	23.7479190826416	1	111.mp3
-36.11814880371094	23.697725296020508	1	404.mp3
-36.22309875488281	23.845703125	1	343.mp3
-35.54949951171875	23.280881881713867	1	1115.mp3
-36.030662536621094	23.597387313842773	1	942.mp3
-35.937477111816406	23.6906681060791	1	1286.mp3
-36.10438919067383	23.647077560424805	1	1770.mp3
-35.650604248046875	23.452726364135742	1	1979.mp3
-36.115013122558594	23.608640670776367	1	1510.mp3
-35.955039978027344	23.557588577270508	1	387.mp3
-35.837867736816406	23.469730377197266	1	1139.mp3
-35.55232238769531	23.27787208557129	1	1470.mp3
-35.706398010253906	23.43256950378418	1	1017.mp3
-35.65374755859375	23.366727828979492	1	1965.mp3
-36.26475524902344	23.91333770751953	1	686.mp3
-36.587528228759766	24.02156639099121	1	1451.mp3
-35.07091522216797	23.01262092590332	1	1428.mp3
-36.10380554199219	23.696077346801758	1	868.mp3
-36.31671142578125	23.80221176147461	1	201.mp3
-36.29875564575195	23.84596824645996	1	1649.mp3
-35.41449737548828	23.093454360961914	1	1398.mp3
-35.40497589111328	23.14447593688965	1	173.mp3
-35.6557502746582	23.507579803466797	1	1802.mp3
-35.70000457763672	23.358074188232422	1	1080.mp3
-36.68749237060547	24.093517303466797	1	1281.mp3
-35.4371337890625	23.247835159301758	1	1984.mp3
-36.62278747558594	23.95659065246582	1	822.mp3
-36.277587890625	23.761804580688477	1	1181.mp3
-35.48382568359375	23.257871627807617	1	958.mp3
-36.44403076171875	24.005535125732422	1	511.mp3
-36.37709426879883	23.98354148864746	1	1988.mp3
-35.36336898803711	23.190462112426758	1	916.mp3
-36.33953857421875	23.97564697265625	1	642.mp3
-36.88653564453125	24.276803970336914	1	1687.mp3
-35.79772186279297	23.4484806060791	1	204.mp3
-36.9271240234375	24.262758255004883	1	656.mp3
-36.377296447753906	23.97134017944336	1	781.mp3
-36.08702850341797	23.755380630493164	1	1514.mp3
-35.92610168457031	23.75324058532715	1	107.mp3
-36.252525329589844	23.7584228515625	1	1527.mp3
-35.66648864746094	23.46373176574707	1	496.mp3
-36.672340393066406	24.199329376220703	1	1013.mp3
-35.5681037902832	23.319034576416016	1	673.mp3
-36.373451232910156	23.96092414855957	1	938.mp3
-35.931976318359375	23.49109649658203	1	451.mp3
-36.16722869873047	23.700557708740234	1	1335.mp3
-36.15221405029297	23.615079879760742	1	1501.mp3
-36.08856964111328	23.795133590698242	1	260.mp3
-36.69217300415039	24.1495304107666	1	460.mp3
-35.9700927734375	23.599590301513672	1	658.mp3
-36.0302734375	23.699481964111328	1	36.mp3
-35.887664794921875	23.606107711791992	1	1064.mp3
-36.06945037841797	23.541250228881836	1	1479.mp3
-35.66093826293945	23.323999404907227	1	651.mp3
-35.7469367980957	23.330305099487305	1	975.mp3
-36.33314514160156	23.826414108276367	1	1407.mp3
-35.540184020996094	23.31220054626465	1	381.mp3
-36.347450256347656	23.823030471801758	1	365.mp3
-36.27033233642578	23.7691707611084	1	1180.mp3
-36.34903335571289	23.876188278198242	1	745.mp3
-36.08612823486328	23.704336166381836	1	1322.mp3
-35.65300750732422	23.273513793945312	1	1855.mp3
-35.62812042236328	23.35610580444336	1	1964.mp3
-35.81293487548828	23.500181198120117	1	557.mp3
-36.73918533325195	24.135244369506836	1	1351.mp3
-36.13317108154297	23.719209671020508	1	401.mp3
-36.71941375732422	24.05086326599121	1	1762.mp3
-36.511104583740234	24.020689010620117	1	790.mp3
-35.27874755859375	22.9986629486084	1	1387.mp3
-36.53974151611328	23.987905502319336	1	1852.mp3
-36.617557525634766	24.047998428344727	1	1496.mp3
-36.15789794921875	23.812196731567383	1	1735.mp3
-36.042449951171875	23.694868087768555	1	978.mp3
-35.93317413330078	23.670860290527344	1	1353.mp3
-35.926483154296875	23.645639419555664	1	542.mp3
-36.87760925292969	24.198591232299805	1	572.mp3
-36.3353157043457	23.9110164642334	1	60.mp3
-35.699729919433594	23.36945152282715	1	484.mp3
-35.93126678466797	23.506061553955078	1	1508.mp3
-36.014259338378906	23.52501106262207	1	63.mp3
-35.60636520385742	23.263389587402344	1	1263.mp3
-36.232200622558594	23.829389572143555	1	392.mp3
-35.588836669921875	23.335445404052734	1	1737.mp3
-35.778594970703125	23.497148513793945	1	755.mp3
-35.86799621582031	23.542644500732422	1	50.mp3
-36.13977813720703	23.74027442932129	1	1824.mp3
-36.392250061035156	23.93132972717285	1	498.mp3
-36.282470703125	23.867645263671875	1	483.mp3
-35.92726135253906	23.557016372680664	1	1746.mp3
-36.178993225097656	23.522947311401367	1	718.mp3
-35.561744689941406	23.291778564453125	1	1164.mp3
-36.026756286621094	23.843507766723633	1	1747.mp3
-36.02925109863281	23.678129196166992	1	1086.mp3
-35.59235382080078	23.309057235717773	1	1788.mp3
-35.422508239746094	23.246362686157227	1	125.mp3
-35.724220275878906	23.241357803344727	1	1818.mp3
-35.867713928222656	23.67724609375	1	1744.mp3
-35.921573638916016	23.496973037719727	1	1616.mp3
-35.61956787109375	23.386428833007812	1	34.mp3
-36.65734100341797	24.124223709106445	1	1311.mp3
-36.58417510986328	23.96260643005371	1	808.mp3
-36.09290313720703	23.77614402770996	1	1888.mp3
-36.03046417236328	23.588048934936523	1	1523.mp3
-35.590003967285156	23.252601623535156	1	1761.mp3
-35.339508056640625	23.201139450073242	1	309.mp3
-36.17409896850586	23.777212142944336	1	694.mp3
-36.12248992919922	23.78220558166504	1	1098.mp3
-35.64605712890625	23.516874313354492	1	1455.mp3
-35.813720703125	23.48883056640625	1	1666.mp3
-36.06718444824219	23.77613639831543	1	895.mp3
-36.31501007080078	24.006742477416992	1	1686.mp3
-35.373268127441406	23.161869049072266	1	179.mp3
-35.38872528076172	23.1451473236084	1	1955.mp3
-36.525169372558594	24.03505516052246	1	166.mp3
-36.215667724609375	23.802465438842773	1	288.mp3
-36.502986907958984	23.993518829345703	1	1604.mp3
-35.77189254760742	23.221242904663086	1	1016.mp3
-35.564964294433594	23.346956253051758	1	578.mp3
-35.836700439453125	23.49910545349121	1	530.mp3
-35.44623947143555	23.233837127685547	1	832.mp3
-36.34070587158203	23.874563217163086	1	1373.mp3
-35.63991165161133	23.334243774414062	1	549.mp3
-35.58219909667969	23.364587783813477	1	1226.mp3
-35.864166259765625	23.504215240478516	1	710.mp3
-35.690406799316406	23.413679122924805	1	52.mp3
-36.75178527832031	24.173757553100586	1	535.mp3
-35.9805908203125	23.497194290161133	1	91.mp3
-35.961204528808594	23.703401565551758	1	1721.mp3
-35.45855712890625	23.215524673461914	1	1960.mp3
-36.02625274658203	23.656221389770508	1	629.mp3
-35.9434928894043	23.620967864990234	1	1937.mp3
-36.604270935058594	24.0755672454834	1	1942.mp3
-36.530662536621094	24.050188064575195	1	523.mp3
-36.37046813964844	23.860830307006836	1	431.mp3
-34.876224517822266	22.779443740844727	1	23.mp3
-35.673683166503906	23.26955223083496	1	828.mp3
-35.858482360839844	23.55647087097168	1	1593.mp3
-36.47584533691406	24.00995445251465	1	1234.mp3
-35.09503936767578	22.888093948364258	1	638.mp3
-36.1868782043457	23.762008666992188	1	722.mp3
-35.962066650390625	23.60414695739746	1	1499.mp3
-35.61042785644531	23.39949607849121	1	915.mp3
-35.88402557373047	23.531957626342773	1	17.mp3
-36.53428649902344	24.019773483276367	1	452.mp3
-36.41883850097656	23.8868465423584	1	671.mp3
-36.60765838623047	24.039255142211914	1	1078.mp3
-36.30469512939453	23.81671142578125	1	826.mp3
-36.1549186706543	23.619226455688477	1	1052.mp3
-36.565391540527344	24.089624404907227	1	1634.mp3
-36.0368766784668	23.72444725036621	1	1366.mp3
-36.18817138671875	23.786996841430664	1	113.mp3
-36.24742889404297	23.802488327026367	1	551.mp3
-36.39154815673828	23.934810638427734	1	726.mp3
-35.36330795288086	23.088863372802734	1	1860.mp3
-36.03373718261719	23.517194747924805	1	994.mp3
-35.85199737548828	23.529542922973633	1	1091.mp3
-36.18620300292969	23.76915168762207	1	37.mp3
-35.845130920410156	23.650766372680664	1	1362.mp3
-35.295326232910156	23.394304275512695	1	988.mp3
-35.88165283203125	23.499479293823242	1	247.mp3
-36.22941589355469	23.77604103088379	1	1494.mp3
-36.10210418701172	23.645795822143555	1	1553.mp3
-36.13016128540039	23.716012954711914	1	1299.mp3
-35.80809783935547	23.44866371154785	1	1285.mp3
-35.568138122558594	23.29473304748535	1	888.mp3
-36.43315887451172	23.93964958190918	1	614.mp3
-36.10015106201172	23.733755111694336	1	224.mp3
-35.96414566040039	23.568086624145508	1	1278.mp3
-36.036861419677734	23.70702362060547	1	1734.mp3
-35.99980163574219	23.569639205932617	1	777.mp3
-35.863529205322266	23.54903221130371	1	1420.mp3
-36.159725189208984	23.76317024230957	1	490.mp3
-36.73891067504883	24.241819381713867	1	1142.mp3
-36.26244354248047	23.591228485107422	1	855.mp3
-36.09095001220703	23.69727897644043	1	135.mp3
-35.52376937866211	23.207616806030273	1	298.mp3
-36.38787841796875	23.839492797851562	1	1178.mp3
-35.84379959106445	23.576433181762695	1	584.mp3
-36.442298889160156	23.8557186126709	1	377.mp3
-35.66893768310547	23.354082107543945	1	355.mp3
-36.27850341796875	23.83512306213379	1	1036.mp3
-36.111061096191406	23.609941482543945	1	1149.mp3
-35.65705108642578	23.4376163482666	1	348.mp3
-36.08349609375	23.736909866333008	1	1526.mp3
-36.205482482910156	23.87796974182129	1	1241.mp3
-36.345211029052734	23.798290252685547	1	414.mp3
-35.92920684814453	23.6413516998291	1	1577.mp3
-35.85857009887695	23.489288330078125	1	1554.mp3
-36.08561706542969	23.73121452331543	1	1417.mp3
-35.41026306152344	23.240320205688477	1	1144.mp3
-36.594581604003906	23.969196319580078	1	1513.mp3
-36.12709426879883	23.653188705444336	1	756.mp3
-36.53986358642578	23.952260971069336	1	1472.mp3
-36.09160614013672	23.691198348999023	1	765.mp3
-36.180572509765625	23.598875045776367	1	424.mp3
-36.046173095703125	23.675668716430664	1	1531.mp3
-36.768959045410156	24.165124893188477	1	1748.mp3
-36.45259094238281	24.02705955505371	1	1147.mp3
-35.84324264526367	23.531980514526367	1	1590.mp3
-35.83460998535156	23.535417556762695	1	800.mp3
-36.04274368286133	23.602136611938477	1	1174.mp3
-35.888763427734375	23.450145721435547	1	281.mp3
-35.69879150390625	23.466047286987305	1	1565.mp3
-36.39519500732422	23.90742301940918	1	847.mp3
-35.904747009277344	23.492584228515625	1	1328.mp3
-35.36079788208008	23.125574111938477	1	1641.mp3
-36.955177307128906	24.32021713256836	1	121.mp3
-36.171531677246094	23.767520904541016	1	1835.mp3
-35.688751220703125	23.255008697509766	1	1829.mp3
-36.067054748535156	23.52569007873535	1	1844.mp3
-36.13801574707031	23.775060653686523	1	709.mp3
-36.678367614746094	24.009552001953125	1	882.mp3
-36.82849884033203	24.220857620239258	1	352.mp3
-36.249168395996094	23.755882263183594	1	1695.mp3
-36.027122497558594	23.478710174560547	1	1360.mp3
-36.073699951171875	23.539342880249023	1	923.mp3
-35.69245910644531	23.397403717041016	1	500.mp3
-36.43150329589844	23.938844680786133	1	1904.mp3
-35.764339447021484	23.436676025390625	1	1302.mp3
-35.63850402832031	23.424022674560547	1	299.mp3
-36.0166130065918	23.64647102355957	1	138.mp3
-35.90187072753906	23.514352798461914	1	1457.mp3
-36.44993591308594	23.763944625854492	1	812.mp3
-36.533172607421875	23.92149543762207	1	1689.mp3
-36.51335144042969	24.01793098449707	1	804.mp3
-35.968353271484375	23.549325942993164	1	98.mp3
-35.49268341064453	23.293231964111328	1	1495.mp3
-36.444305419921875	23.997285842895508	1	1210.mp3
-35.56312942504883	23.43960189819336	1	1068.mp3
-35.52081298828125	23.253170013427734	1	435.mp3
-36.14063262939453	23.631616592407227	1	739.mp3
-36.619850158691406	24.021223068237305	1	94.mp3
-35.33827590942383	23.182998657226562	1	1374.mp3
-35.66757583618164	23.51093101501465	1	1222.mp3
-36.39363098144531	23.805828094482422	1	373.mp3
-35.58586883544922	23.281492233276367	1	70.mp3
-36.152862548828125	23.79810905456543	1	760.mp3
-35.64868927001953	23.50922203063965	1	835.mp3
-36.238616943359375	23.61835289001465	1	767.mp3
-36.47087860107422	23.979326248168945	1	457.mp3
-36.245887756347656	23.730356216430664	1	625.mp3
-36.05674743652344	23.603439331054688	1	325.mp3
-35.812103271484375	23.3826904296875	1	757.mp3
-36.26629638671875	23.95026206970215	1	104.mp3
-36.25801086425781	23.758174896240234	1	810.mp3
-35.78572082519531	23.517301559448242	1	230.mp3
-36.3109016418457	23.902080535888672	1	33.mp3
-36.009246826171875	23.580034255981445	1	1702.mp3
-35.81737518310547	23.534582138061523	1	1393.mp3
-36.10468292236328	23.580827713012695	1	682.mp3
-36.015411376953125	23.768003463745117	1	456.mp3
-35.878875732421875	23.52162742614746	1	1808.mp3
-36.78042221069336	24.21180534362793	1	1894.mp3
-35.673973083496094	23.345090866088867	1	1361.mp3
-35.0865364074707	23.018861770629883	1	1305.mp3
-35.84209442138672	23.560544967651367	1	1288.mp3
-35.880306243896484	23.49989128112793	1	581.mp3
-35.74968338012695	23.490535736083984	1	497.mp3
-35.83847427368164	23.48598289489746	1	1679.mp3
-36.02571105957031	23.5998477935791	1	1218.mp3
-36.662696838378906	24.045217514038086	1	1324.mp3
-36.008201599121094	23.663000106811523	1	677.mp3
-35.949668884277344	23.743227005004883	1	1913.mp3
-36.842689514160156	24.145179748535156	1	723.mp3
-36.29951477050781	24.02704620361328	1	467.mp3
-36.33314895629883	23.845224380493164	1	1404.mp3
-35.42024230957031	23.185407638549805	1	447.mp3
-35.94401550292969	23.602663040161133	1	1868.mp3
-36.72239685058594	24.132938385009766	1	1741.mp3
-35.98387145996094	23.75693130493164	1	974.mp3
-35.938934326171875	23.503828048706055	1	1107.mp3
-35.67301940917969	23.41802406311035	1	192.mp3
-36.089683532714844	23.727725982666016	1	984.mp3
-36.444068908691406	23.966890335083008	1	779.mp3
-36.39864730834961	23.852060317993164	1	81.mp3
-36.38066864013672	23.90053367614746	1	539.mp3
-36.80519104003906	24.097593307495117	1	1795.mp3
-35.44084930419922	23.218109130859375	1	237.mp3
-36.43381118774414	23.985204696655273	1	898.mp3
-35.526424407958984	23.205486297607422	1	559.mp3
-36.323951721191406	23.79335594177246	1	1246.mp3
-35.621124267578125	23.258928298950195	1	1029.mp3
-36.02027130126953	23.562862396240234	1	885.mp3
-36.460975646972656	23.89605140686035	1	272.mp3
-35.332122802734375	23.0695858001709	1	640.mp3
-35.40087127685547	23.25567054748535	1	1749.mp3
-35.42220687866211	23.24248504638672	1	1039.mp3
-35.3953971862793	23.199491500854492	1	1957.mp3
-36.19580078125	23.777938842773438	1	1760.mp3
-36.2482795715332	23.842161178588867	1	1842.mp3
-36.623863220214844	24.181318283081055	1	1084.mp3
-36.242435455322266	23.76017189025879	1	1522.mp3
-36.06043243408203	23.69578742980957	1	637.mp3
-35.73761749267578	23.390993118286133	1	960.mp3
-36.18294906616211	23.815021514892578	1	1876.mp3
-35.538909912109375	23.308889389038086	1	1447.mp3
-36.272560119628906	23.693286895751953	1	662.mp3
-35.316200256347656	23.095083236694336	1	1954.mp3
-35.78772735595703	23.577648162841797	1	1902.mp3
-36.029624938964844	23.69358253479004	1	1127.mp3
-34.99287796020508	22.878997802734375	1	295.mp3
-35.41726303100586	23.171627044677734	1	924.mp3
-36.38351821899414	23.974653244018555	1	9.mp3
-36.319496154785156	23.731752395629883	1	714.mp3
-36.1407470703125	23.852514266967773	1	778.mp3
-36.16216278076172	23.689210891723633	1	1828.mp3
-36.349205017089844	23.820829391479492	1	894.mp3
-36.74371337890625	24.180482864379883	1	558.mp3
-36.11052703857422	23.59942054748535	1	904.mp3
-36.13916778564453	23.62932777404785	1	1750.mp3
-35.474517822265625	23.380220413208008	1	712.mp3
-36.53742218017578	23.926698684692383	1	396.mp3
-36.160667419433594	23.660118103027344	1	1690.mp3
-36.23011779785156	23.738725662231445	1	1175.mp3
-35.90876007080078	23.513059616088867	1	347.mp3
-35.28697967529297	23.094013214111328	1	24.mp3
-35.95556640625	23.58662986755371	1	79.mp3
-35.34177017211914	23.034311294555664	1	543.mp3
-35.48764419555664	23.22675895690918	1	1458.mp3
-36.35165023803711	23.902931213378906	1	788.mp3
-35.788856506347656	23.461713790893555	1	1166.mp3
-35.749351501464844	23.322372436523438	1	479.mp3
-36.42380142211914	23.963685989379883	1	1707.mp3
-35.59739685058594	23.279987335205078	1	982.mp3
-35.81287384033203	23.357316970825195	1	1953.mp3
-35.76729202270508	23.449026107788086	1	776.mp3
-35.32040023803711	23.112546920776367	1	1636.mp3
-35.3872184753418	23.23951530456543	1	1566.mp3
-36.481571197509766	23.998249053955078	1	1309.mp3
-36.53371810913086	24.070526123046875	1	1511.mp3
-36.14710235595703	23.924762725830078	1	219.mp3
-36.273773193359375	23.88213348388672	1	1250.mp3
-36.11248016357422	23.639596939086914	1	323.mp3
-36.30101776123047	23.774721145629883	1	1685.mp3
-36.0140380859375	23.593839645385742	1	689.mp3
-36.23772430419922	23.739534378051758	1	1775.mp3
-35.83545684814453	23.428789138793945	1	688.mp3
-36.46961975097656	23.822744369506836	1	891.mp3
-36.660316467285156	24.111127853393555	1	1557.mp3
-35.26616668701172	23.105470657348633	1	1395.mp3
-35.99798583984375	23.68587303161621	1	1895.mp3
-36.61050033569336	24.062631607055664	1	455.mp3
-36.841636657714844	24.269643783569336	1	446.mp3
-36.424163818359375	23.9333553314209	1	152.mp3
-36.290138244628906	23.88027000427246	1	884.mp3
-36.10935592651367	23.75908660888672	1	236.mp3
-35.98902893066406	23.608068466186523	1	881.mp3
-35.404884338378906	23.135740280151367	1	1231.mp3
-35.640499114990234	23.43541145324707	1	1035.mp3
-35.94097137451172	23.557504653930664	1	1464.mp3
-36.276519775390625	23.78359603881836	1	1367.mp3
-36.194522857666016	23.79388427734375	1	738.mp3
-36.593040466308594	23.912593841552734	1	817.mp3
-36.29170227050781	23.76468849182129	1	1177.mp3
-35.35126495361328	23.371355056762695	1	360.mp3
-36.611778259277344	24.042112350463867	1	514.mp3
-35.730316162109375	23.402952194213867	1	1145.mp3
-35.91653823852539	23.644033432006836	1	241.mp3
-35.28102111816406	23.07059669494629	1	569.mp3
-36.210819244384766	23.758459091186523	1	1484.mp3
-36.10223388671875	23.699628829956055	1	1677.mp3
-36.243377685546875	23.779569625854492	1	1239.mp3
-35.660797119140625	23.404569625854492	1	102.mp3
-35.95502471923828	23.491025924682617	1	773.mp3
-36.004920959472656	23.655227661132812	1	761.mp3
-36.202796936035156	23.867101669311523	1	145.mp3
-36.54987335205078	24.05108642578125	1	1772.mp3
-36.20066833496094	23.7122859954834	1	1730.mp3
-36.36917495727539	23.855262756347656	1	1789.mp3
-35.779930114746094	23.534297943115234	1	1172.mp3
-36.72431182861328	24.18827247619629	1	1213.mp3
-36.165565490722656	23.785924911499023	1	693.mp3
-35.80752182006836	23.435300827026367	1	707.mp3
-36.74431610107422	24.156137466430664	1	1862.mp3
-36.30731964111328	23.863264083862305	1	1537.mp3
-35.3602294921875	23.079702377319336	1	1653.mp3
-36.00249481201172	23.599945068359375	1	62.mp3
-35.68644714355469	23.405763626098633	1	1766.mp3
-36.742958068847656	24.134763717651367	1	1781.mp3
-36.14257049560547	23.675485610961914	1	758.mp3
-36.060813903808594	23.691144943237305	1	864.mp3
-36.074127197265625	23.61174964904785	1	433.mp3
-35.45375061035156	23.229528427124023	1	996.mp3
-36.27044677734375	23.790199279785156	1	1872.mp3
-35.857383728027344	23.611421585083008	1	1683.mp3
-36.45994567871094	23.951780319213867	1	896.mp3
-36.19944763183594	23.723012924194336	1	428.mp3
-35.509483337402344	23.136493682861328	1	1203.mp3
-35.59602737426758	23.332948684692383	1	944.mp3
-36.23503112792969	23.64393424987793	1	1564.mp3
-35.969791412353516	23.5302734375	1	690.mp3
-36.826393127441406	24.14970588684082	1	1388.mp3
-36.23061752319336	23.828733444213867	1	374.mp3
-36.70829772949219	24.1634521484375	1	1033.mp3
-36.14567565917969	23.749000549316406	1	1509.mp3
-35.95712661743164	23.618459701538086	1	566.mp3
-35.738929748535156	23.422731399536133	1	363.mp3
-35.931610107421875	23.612730026245117	1	1787.mp3
-36.362831115722656	23.90360450744629	1	579.mp3
-36.080352783203125	23.75103187561035	1	292.mp3
-36.1915283203125	23.82581329345703	1	583.mp3
-36.46644592285156	23.969512939453125	1	1020.mp3
-36.409088134765625	23.795631408691406	1	683.mp3
-36.00495529174805	23.52723503112793	1	1193.mp3
-36.14728927612305	23.848852157592773	1	1436.mp3
-35.94769287109375	23.69744300842285	1	183.mp3
-36.04090118408203	23.641767501831055	1	1485.mp3
-36.478599548339844	23.941404342651367	1	22.mp3
-36.0164909362793	23.676103591918945	1	1972.mp3
-36.05326843261719	23.62687873840332	1	177.mp3
-36.195762634277344	23.755117416381836	1	1576.mp3
-36.06151580810547	23.610498428344727	1	1875.mp3
-35.67277908325195	23.340213775634766	1	643.mp3
-35.80182647705078	23.54541778564453	1	905.mp3
-36.58312225341797	24.11000633239746	1	907.mp3
-35.903160095214844	23.507051467895508	1	701.mp3
-36.228790283203125	23.773250579833984	1	265.mp3
-35.81182861328125	23.453954696655273	1	1245.mp3
-36.09722137451172	23.779781341552734	1	11.mp3
-35.424072265625	23.189146041870117	1	1217.mp3
-35.989837646484375	23.45844841003418	1	703.mp3
-35.4771728515625	23.245800018310547	1	997.mp3
-36.35661697387695	24.0433292388916	1	366.mp3
-35.74344253540039	23.448532104492188	1	49.mp3
-35.33262634277344	23.124197006225586	1	310.mp3
-35.20954895019531	23.063852310180664	1	1956.mp3
-35.598941802978516	23.267763137817383	1	1768.mp3
-36.91563415527344	24.143922805786133	1	1615.mp3
-36.10833740234375	23.65950584411621	1	1936.mp3
-36.4210205078125	23.966459274291992	1	1090.mp3
-36.33222579956055	23.897043228149414	1	214.mp3
-35.87440872192383	23.40400505065918	1	478.mp3
-35.69007110595703	23.231815338134766	1	469.mp3
-36.404232025146484	23.87650489807129	1	1411.mp3
-36.33997344970703	23.891828536987305	1	897.mp3
-36.180809020996094	23.919363021850586	1	1187.mp3
-36.741947174072266	23.98240089416504	1	1438.mp3
-35.98804473876953	23.685344696044922	1	349.mp3
-35.5076904296875	23.199323654174805	1	10.mp3
-36.074405670166016	23.560394287109375	1	1021.mp3
-35.66448974609375	23.26530647277832	1	598.mp3
-35.76462936401367	23.437570571899414	1	1336.mp3
-35.92656707763672	23.583742141723633	1	830.mp3
-35.98497009277344	23.718379974365234	1	1851.mp3
-36.289310455322266	23.80879020690918	1	1785.mp3
-36.30339431762695	23.74479866027832	1	764.mp3
-36.48341369628906	24.055395126342773	1	341.mp3
-36.4710578918457	23.963336944580078	1	3.mp3
-36.762447357177734	24.158506393432617	1	128.mp3
-36.259185791015625	23.68984031677246	1	676.mp3
-35.41130065917969	23.372159957885742	1	64.mp3
-36.098060607910156	23.58160972595215	1	1806.mp3
-35.62834167480469	23.389360427856445	1	1096.mp3
-35.50267791748047	23.32318115234375	1	359.mp3
-35.884613037109375	23.50188636779785	1	1150.mp3
-36.108497619628906	23.606435775756836	1	375.mp3
-36.430870056152344	23.945951461791992	1	1051.mp3
-35.807071685791016	23.459264755249023	1	1811.mp3
-35.591190338134766	23.34418296813965	1	1391.mp3
-35.71092224121094	23.435745239257812	1	317.mp3
-35.720977783203125	23.485807418823242	1	395.mp3
-35.488800048828125	23.393163681030273	1	226.mp3
-36.30858612060547	23.95401954650879	1	1700.mp3
-35.7493896484375	23.459918975830078	1	1423.mp3
-36.10041427612305	23.796945571899414	1	189.mp3
-36.50074768066406	23.96662712097168	1	1990.mp3
-36.21080780029297	23.703588485717773	1	797.mp3
-36.761016845703125	24.199779510498047	1	1321.mp3
-35.649208068847656	23.388168334960938	1	182.mp3
-36.03019714355469	23.666513442993164	1	371.mp3
-35.99659729003906	23.593393325805664	1	470.mp3
-35.76812744140625	23.454614639282227	1	1120.mp3
-36.29794692993164	23.80763816833496	1	763.mp3
-36.78464889526367	24.192296981811523	1	1978.mp3
-35.588741302490234	23.377914428710938	1	547.mp3
-35.99372100830078	23.687807083129883	1	1678.mp3
-35.76275634765625	23.472185134887695	1	193.mp3
-36.54545211791992	23.998350143432617	1	196.mp3
-35.825435638427734	23.527090072631836	1	405.mp3
-36.20606994628906	23.930742263793945	1	1939.mp3
-36.28570556640625	23.843584060668945	1	100.mp3
-36.10224914550781	23.69318962097168	1	1163.mp3
-36.018463134765625	23.621427536010742	1	1342.mp3
-36.149192810058594	23.726797103881836	1	1207.mp3
-36.00293731689453	23.610504150390625	1	1156.mp3
-36.16844940185547	23.828824996948242	1	301.mp3
-35.826072692871094	23.461549758911133	1	1148.mp3
-36.217864990234375	23.722158432006836	1	1742.mp3
-36.498050689697266	23.962749481201172	1	423.mp3
-36.670223236083984	24.06057357788086	1	1497.mp3
-36.56243896484375	24.01405906677246	1	792.mp3
-35.71441650390625	23.53917694091797	1	279.mp3
-35.65167236328125	23.361291885375977	1	1385.mp3
-36.560890197753906	24.025070190429688	1	1257.mp3
-36.15921401977539	23.638681411743164	1	339.mp3
-36.19075393676758	23.800764083862305	1	721.mp3
-36.34783172607422	23.8057804107666	1	1976.mp3
-36.304779052734375	23.858152389526367	1	1609.mp3
-36.14985656738281	23.694631576538086	1	1699.mp3
-36.3905143737793	23.76922035217285	1	1010.mp3
-36.21092987060547	23.797880172729492	1	93.mp3
-36.869380950927734	24.253690719604492	1	1426.mp3
-35.81869888305664	23.46639060974121	1	934.mp3
-35.43308639526367	23.196195602416992	1	1251.mp3
-35.98472595214844	23.637544631958008	1	1840.mp3
-36.35199737548828	23.879281997680664	1	669.mp3
-36.33179473876953	23.621456146240234	1	1261.mp3
-35.92304229736328	23.522192001342773	1	409.mp3
-36.29256057739258	23.927396774291992	1	1066.mp3
-35.94456100463867	23.522031784057617	1	1468.mp3
-36.83228302001953	24.147733688354492	1	1289.mp3
-36.16957473754883	23.777984619140625	1	1815.mp3
-35.307579040527344	23.21188735961914	1	1482.mp3
-36.38188934326172	23.851499557495117	1	510.mp3
-36.036224365234375	23.83116912841797	1	285.mp3
-36.370689392089844	23.871416091918945	1	1729.mp3
-36.452728271484375	23.986804962158203	1	1389.mp3
-36.621639251708984	24.05556297302246	1	1688.mp3
-35.818817138671875	23.4300537109375	1	160.mp3
-35.976741790771484	23.606414794921875	1	84.mp3
-36.52446365356445	23.986000061035156	1	1201.mp3
-36.087852478027344	23.534770965576172	1	55.mp3
-35.97113037109375	23.780075073242188	1	458.mp3
-35.79594421386719	23.56748390197754	1	1958.mp3
-35.74045944213867	23.421419143676758	1	973.mp3
-35.592185974121094	23.246339797973633	1	340.mp3
-36.34980010986328	23.78315544128418	1	412.mp3
-36.478660583496094	23.94407844543457	1	999.mp3
-35.810447692871094	23.552112579345703	1	599.mp3
-36.02090072631836	23.570207595825195	1	482.mp3
-35.98722839355469	23.68808937072754	1	184.mp3
-36.08526611328125	23.58837890625	1	402.mp3
-35.721717834472656	23.503049850463867	1	1938.mp3
-35.83274841308594	23.51066017150879	1	1215.mp3
-35.819793701171875	23.58176040649414	1	110.mp3
-36.18434143066406	23.741060256958008	1	1380.mp3
-35.904502868652344	23.62492561340332	1	71.mp3
-36.868507385253906	24.28801918029785	1	1188.mp3
-35.89565658569336	23.56462860107422	1	185.mp3
-35.20705032348633	22.99602699279785	1	641.mp3
-36.283180236816406	23.70110511779785	1	1232.mp3
-35.74311828613281	23.369779586791992	1	1453.mp3
-35.677330017089844	23.348913192749023	1	918.mp3
-36.539512634277344	23.959674835205078	1	1619.mp3
-35.9345703125	23.61321449279785	1	1137.mp3
-35.779441833496094	23.50383949279785	1	1456.mp3
-36.00893783569336	23.69584846496582	1	1515.mp3
-35.86634063720703	23.351823806762695	1	644.mp3
-35.49842834472656	23.316577911376953	1	1857.mp3
-36.073760986328125	23.712568283081055	1	1267.mp3
-36.34085464477539	23.952375411987305	1	1579.mp3
-35.96837615966797	23.740501403808594	1	1412.mp3
-36.167274475097656	23.601478576660156	1	119.mp3
-35.243080139160156	23.09014320373535	1	334.mp3
-35.46195983886719	23.2114200592041	1	1228.mp3
-35.891990661621094	23.51444435119629	1	1865.mp3
-35.348045349121094	23.08521842956543	1	65.mp3
-35.57756042480469	23.339876174926758	1	972.mp3
-36.69116973876953	24.141828536987305	1	489.mp3
-36.213253021240234	23.674654006958008	1	706.mp3
-35.941871643066406	23.54102897644043	1	1645.mp3
-36.140647888183594	23.73118019104004	1	438.mp3
-36.037845611572266	23.556604385375977	1	321.mp3
-35.58482360839844	23.284841537475586	1	1758.mp3
-36.900474548339844	24.25712776184082	1	206.mp3
-36.054534912109375	23.688276290893555	1	208.mp3
-35.55866241455078	23.307844161987305	1	852.mp3
-35.54037094116211	23.29044532775879	1	946.mp3
-36.34264373779297	23.872638702392578	1	249.mp3
-35.60065460205078	23.287935256958008	1	1093.mp3
-36.21280288696289	23.798795700073242	1	672.mp3
-36.16072463989258	23.65094566345215	1	1089.mp3
-36.50416564941406	24.027944564819336	1	1054.mp3
-36.61647033691406	24.06553077697754	1	242.mp3
-35.31983184814453	23.101350784301758	1	296.mp3
-36.15319061279297	23.61924934387207	1	846.mp3
-35.68669128417969	23.462491989135742	1	613.mp3
-36.065208435058594	23.570371627807617	1	1647.mp3
-36.60600280761719	24.04939079284668	1	646.mp3
-35.90620803833008	23.616552352905273	1	1224.mp3
-36.549278259277344	24.060447692871094	1	1588.mp3
-36.121803283691406	23.65363121032715	1	1658.mp3
-35.904083251953125	23.49277687072754	1	1270.mp3
-36.569664001464844	24.05406379699707	1	1109.mp3
-36.20951461791992	23.70469856262207	1	1903.mp3
-35.77978515625	23.581871032714844	1	450.mp3
-36.18763732910156	23.837257385253906	1	118.mp3
-36.04946517944336	23.60478401184082	1	1317.mp3
-35.60624694824219	23.14846420288086	1	1069.mp3
-36.005043029785156	23.655786514282227	1	1352.mp3
-36.0662956237793	23.62152099609375	1	1714.mp3
-36.007965087890625	23.515899658203125	1	1771.mp3
-36.74433517456055	24.18385887145996	1	378.mp3
-35.984642028808594	23.468969345092773	1	908.mp3
-35.667152404785156	23.346567153930664	1	151.mp3
-35.631011962890625	23.30478858947754	1	256.mp3
-36.18621063232422	23.74985122680664	1	515.mp3
-35.917564392089844	23.62837028503418	1	303.mp3
-36.34735870361328	23.806989669799805	1	933.mp3
-36.422454833984375	23.872446060180664	1	653.mp3
-36.159996032714844	23.79227638244629	1	1442.mp3
-36.808982849121094	24.143247604370117	1	1551.mp3
-36.11794662475586	23.604482650756836	1	1555.mp3
-35.94365310668945	23.646244049072266	1	1580.mp3
-35.61646270751953	23.259077072143555	1	869.mp3
-36.40335464477539	23.89850616455078	1	1042.mp3
-35.63649368286133	23.542261123657227	1	1530.mp3
-36.212120056152344	23.70403289794922	1	856.mp3
-35.924293518066406	23.539979934692383	1	1643.mp3
-36.314674377441406	23.86525535583496	1	834.mp3
-36.091739654541016	23.71155548095703	1	1227.mp3
-36.07615661621094	23.4665584564209	1	1122.mp3
-36.40382385253906	23.80059051513672	1	829.mp3
-35.84532928466797	23.45850944519043	1	1602.mp3
-35.607276916503906	23.259891510009766	1	1633.mp3
-35.87476348876953	23.455249786376953	1	1952.mp3
-36.39976501464844	23.90211296081543	1	1196.mp3
-36.76263427734375	24.155698776245117	1	838.mp3
-35.242645263671875	22.930898666381836	1	1706.mp3
-36.13703918457031	23.77895736694336	1	75.mp3
-36.481239318847656	23.878633499145508	1	684.mp3
-35.54261016845703	23.28797721862793	1	995.mp3
-35.782737731933594	23.451589584350586	1	163.mp3
-35.948936462402344	23.65133285522461	1	1545.mp3
-35.88530731201172	23.66727066040039	1	1805.mp3
-35.81737518310547	23.50240135192871	1	1034.mp3
-35.957359313964844	23.472875595092773	1	794.mp3
-35.30079650878906	23.199716567993164	1	1230.mp3
-36.34971237182617	23.808103561401367	1	103.mp3
-35.954200744628906	23.60909080505371	1	887.mp3
-36.31809997558594	23.802791595458984	1	1011.mp3
-36.435707092285156	23.98097038269043	1	893.mp3
-35.38002014160156	23.184247970581055	1	1871.mp3
-36.489723205566406	23.94541358947754	1	743.mp3
-35.8344841003418	23.481035232543945	1	541.mp3
-35.685150146484375	23.4847412109375	1	6.mp3
-35.40372085571289	23.115774154663086	1	1108.mp3
-35.63745880126953	23.355070114135742	1	7.mp3
-36.81542205810547	24.17908477783203	1	92.mp3
-35.64390563964844	23.30698585510254	1	1082.mp3
-36.24250030517578	23.855201721191406	1	146.mp3
-36.041534423828125	23.67800521850586	1	1247.mp3
-36.12187957763672	23.68229866027832	1	329.mp3
-35.84286880493164	23.458192825317383	1	1282.mp3
-36.41900634765625	23.922056198120117	1	1873.mp3
-36.257022857666016	23.745695114135742	1	1674.mp3
-35.91719055175781	23.56039810180664	1	1583.mp3
-36.54291534423828	24.015871047973633	1	1310.mp3
-36.25114059448242	23.80839729309082	1	123.mp3
-36.32246398925781	23.93569564819336	1	273.mp3
-36.058074951171875	23.540353775024414	1	704.mp3
-35.685611724853516	23.305227279663086	1	262.mp3
-35.9246826171875	23.628751754760742	1	61.mp3
-36.14000701904297	23.63129997253418	1	200.mp3
-36.11424255371094	23.693580627441406	1	1009.mp3
-36.118553161621094	23.777219772338867	1	747.mp3
-36.29414367675781	23.894563674926758	1	1704.mp3
-36.04124450683594	23.7811222076416	1	1854.mp3
-35.216636657714844	23.17400550842285	1	1909.mp3
-35.58769989013672	23.343351364135742	1	1610.mp3
-35.70001983642578	23.349950790405273	1	1767.mp3
-36.43023681640625	23.958200454711914	1	415.mp3
-35.953163146972656	23.665632247924805	1	922.mp3
-35.958648681640625	23.61920738220215	1	1259.mp3
-36.21440124511719	23.710832595825195	1	531.mp3
-35.10387420654297	23.017118453979492	1	235.mp3
-36.25749206542969	23.81907081604004	1	1784.mp3
-36.682273864746094	24.099559783935547	1	654.mp3
-36.2828254699707	23.77507972717285	1	41.mp3
-35.22865295410156	23.034677505493164	1	1416.mp3
-36.02235412597656	23.675613403320312	1	1780.mp3
-36.368927001953125	23.952978134155273	1	1121.mp3
-35.643287658691406	23.420377731323242	1	1320.mp3
-35.85039520263672	23.462614059448242	1	386.mp3
-35.83234405517578	23.446369171142578	1	1664.mp3
-36.49872970581055	24.0020694732666	1	1248.mp3
-35.86482238769531	23.656272888183594	1	1427.mp3
-36.12012481689453	23.57314109802246	1	1916.mp3
-36.0439567565918	23.76017189025879	1	486.mp3
-35.935523986816406	23.612916946411133	1	647.mp3
-36.58934020996094	24.03098487854004	1	197.mp3
-36.595211029052734	24.0650577545166	1	717.mp3
-36.71708679199219	24.170652389526367	1	1477.mp3
-35.984642028808594	23.486684799194336	1	233.mp3
-36.02387237548828	23.648208618164062	1	1159.mp3
-35.61201477050781	23.249177932739258	1	1708.mp3
-35.993255615234375	23.68803596496582	1	476.mp3
-35.776695251464844	23.48158836364746	1	1262.mp3
-35.912689208984375	23.525497436523438	1	1644.mp3
-35.39643859863281	23.075429916381836	1	286.mp3
-35.87239074707031	23.664297103881836	1	1212.mp3
-36.09677505493164	23.699556350708008	1	1192.mp3
-35.89159393310547	23.481016159057617	1	324.mp3
-36.37251281738281	23.75371742248535	1	1050.mp3
-36.48161697387695	23.98841667175293	1	501.mp3
-36.255489349365234	23.771085739135742	1	1208.mp3
-36.249542236328125	23.849443435668945	1	1413.mp3
-35.99808883666992	23.669902801513672	1	1429.mp3
-36.17053985595703	23.857101440429688	1	132.mp3
-36.226295471191406	23.60828971862793	1	632.mp3
-36.22726821899414	23.712953567504883	1	1731.mp3
-35.8947639465332	23.608793258666992	1	1012.mp3
-36.46305847167969	23.91857147216797	1	1390.mp3
-35.969364166259766	23.65586280822754	1	1343.mp3
-35.45928955078125	23.1772518157959	1	1654.mp3
-35.83951187133789	23.651357650756836	1	1542.mp3
-36.47377395629883	23.993215560913086	1	1325.mp3
-35.6287956237793	23.215845108032227	1	602.mp3
-36.052635192871094	23.68853187561035	1	389.mp3
-36.08208084106445	23.671043395996094	1	1443.mp3
-36.444068908691406	24.0017032623291	1	1333.mp3
-36.096336364746094	23.653291702270508	1	1027.mp3
-36.06608581542969	23.72099494934082	1	1856.mp3
-35.983306884765625	23.6502742767334	1	989.mp3
-36.35912322998047	23.742158889770508	1	215.mp3
-35.81705856323242	23.640409469604492	1	833.mp3
-35.93584442138672	23.46393585205078	1	1572.mp3
-36.677207946777344	24.104270935058594	1	1378.mp3
-35.593727111816406	23.39320945739746	1	926.mp3
-36.464759826660156	23.90068244934082	1	1483.mp3
-35.12495803833008	22.986356735229492	1	1562.mp3
-36.69835662841797	24.10554313659668	1	1626.mp3
-36.31776809692383	23.724863052368164	1	805.mp3
-36.137027740478516	23.808284759521484	1	1371.mp3
-36.25679397583008	23.893173217773438	1	628.mp3
-35.45098876953125	23.25189781188965	1	615.mp3
-36.38837432861328	23.84584617614746	1	398.mp3
-36.14936828613281	23.578401565551758	1	1676.mp3
-35.87859344482422	23.403921127319336	1	1779.mp3
-36.125160217285156	23.5553035736084	1	1422.mp3
-36.17203903198242	23.7989444732666	1	122.mp3
-35.46683120727539	23.208112716674805	1	875.mp3
-36.236305236816406	23.821855545043945	1	879.mp3
-35.861480712890625	23.49295997619629	1	168.mp3
-35.815513610839844	23.522687911987305	1	147.mp3
-36.33076477050781	23.913793563842773	1	1597.mp3
-35.65990447998047	23.369537353515625	1	382.mp3
-35.940101623535156	23.554391860961914	1	1030.mp3
-36.22602081298828	23.839778900146484	1	1315.mp3
-36.30539321899414	23.851154327392578	1	443.mp3
-35.898597717285156	23.483373641967773	1	1410.mp3
-36.214908599853516	23.79362678527832	1	1301.mp3
-36.602149963378906	24.05400848388672	1	464.mp3
-36.36620330810547	23.86786460876465	1	1368.mp3
-36.037994384765625	23.494230270385742	1	1628.mp3
-36.4658317565918	23.865461349487305	1	411.mp3
-35.91351318359375	23.648347854614258	1	1414.mp3
-36.11351013183594	23.77567481994629	1	445.mp3
-36.88189697265625	24.27556037902832	1	623.mp3
-36.39659118652344	23.9251766204834	1	1105.mp3
-36.308597564697266	23.997827529907227	1	899.mp3
-36.13499450683594	23.679697036743164	1	468.mp3
-36.809539794921875	24.223081588745117	1	1138.mp3
-36.016029357910156	23.589820861816406	1	576.mp3
-36.09324264526367	23.768051147460938	1	1830.mp3
-34.75847625732422	22.803388595581055	1	1982.mp3
-36.08592224121094	23.667139053344727	1	1018.mp3
-36.03740692138672	23.622846603393555	1	1449.mp3
-35.7816047668457	23.477834701538086	1	766.mp3
-36.16291046142578	23.715837478637695	1	1804.mp3
-36.52754211425781	23.84564971923828	1	1465.mp3
-36.48253631591797	24.103899002075195	1	1195.mp3
-36.16111373901367	23.66412925720215	1	191.mp3
-35.409400939941406	23.1698055267334	1	305.mp3
-35.656150817871094	23.351179122924805	1	956.mp3
-36.02161407470703	23.689998626708984	1	680.mp3
-36.68744659423828	24.02242660522461	1	1792.mp3
-35.63355255126953	23.32994270324707	1	314.mp3
-35.476680755615234	23.192472457885742	1	1383.mp3
-36.010162353515625	23.63188934326172	1	648.mp3
-36.34964370727539	23.683557510375977	1	203.mp3
-35.738040924072266	23.432815551757812	1	1204.mp3
-36.70421600341797	24.114248275756836	1	622.mp3
-36.29707336425781	23.77617073059082	1	742.mp3
-35.51294708251953	23.302061080932617	1	548.mp3
-36.211029052734375	23.797033309936523	1	441.mp3
-36.2177848815918	23.765186309814453	1	1716.mp3
-35.96923065185547	23.622220993041992	1	333.mp3
-36.685142517089844	24.085176467895508	1	821.mp3
-35.89945602416992	23.54851722717285	1	400.mp3
-36.18817901611328	23.890432357788086	1	89.mp3
-35.47422790527344	23.16163444519043	1	854.mp3
-36.131710052490234	23.74983787536621	1	708.mp3
-36.86460876464844	24.240259170532227	1	538.mp3
-35.962181091308594	23.627267837524414	1	1517.mp3
-36.275245666503906	23.74581527709961	1	700.mp3
-35.44786834716797	23.23650360107422	1	1959.mp3
-35.24380111694336	22.96533966064453	1	162.mp3
-35.922767639160156	23.5159854888916	1	1682.mp3
-35.53953552246094	23.3515567779541	1	1755.mp3
-36.00823211669922	23.47578239440918	1	1376.mp3
-35.944366455078125	23.4466495513916	1	1715.mp3
-35.83477020263672	23.415517807006836	1	603.mp3
-35.52719497680664	23.444828033447266	1	1728.mp3
-35.90583419799805	23.479524612426758	1	597.mp3
-35.750003814697266	23.404863357543945	1	1796.mp3
-36.034950256347656	23.639982223510742	1	1538.mp3
-35.74934387207031	23.400985717773438	1	311.mp3
-35.71417236328125	23.344518661499023	1	1624.mp3
-36.38475799560547	23.84440803527832	1	814.mp3
-35.810333251953125	23.3135929107666	1	1191.mp3
-36.66581726074219	24.162874221801758	1	268.mp3
-35.977210998535156	23.72638702392578	1	1268.mp3
-36.17801284790039	23.872940063476562	1	54.mp3
-36.42340087890625	23.89566993713379	1	951.mp3
-35.242340087890625	23.084020614624023	1	848.mp3
-35.92327880859375	23.660049438476562	1	221.mp3
-35.645790100097656	23.276744842529297	1	560.mp3
-35.349769592285156	23.091562271118164	1	1907.mp3
-35.75099563598633	23.330930709838867	1	1165.mp3
-35.72700500488281	23.304231643676758	1	307.mp3
-36.221839904785156	23.73292350769043	1	158.mp3
-36.41357421875	24.04070281982422	1	417.mp3
-35.79875946044922	23.534685134887695	1	1547.mp3
-36.31916046142578	23.750965118408203	1	953.mp3
-36.06348419189453	23.70539665222168	1	1656.mp3
-35.63800048828125	23.537599563598633	1	1838.mp3
-36.630123138427734	23.98687171936035	1	1920.mp3
-36.00140380859375	23.647762298583984	1	1463.mp3
-35.94505310058594	23.526071548461914	1	1209.mp3
-36.229122161865234	23.671785354614258	1	1489.mp3
-35.50419616699219	23.149791717529297	1	565.mp3
-36.70612716674805	24.15043067932129	1	681.mp3
-35.53965759277344	23.242719650268555	1	1276.mp3
-36.55107116699219	23.830678939819336	1	1357.mp3
-35.74554443359375	23.326702117919922	1	167.mp3
-35.627647399902344	23.441354751586914	1	1693.mp3
-36.30024719238281	23.82490348815918	1	480.mp3
-35.97528076171875	23.67366600036621	1	783.mp3
-36.166839599609375	23.556570053100586	1	606.mp3
-35.353179931640625	23.11688804626465	1	657.mp3
-35.91054153442383	23.616865158081055	1	1516.mp3
-35.89067840576172	23.61115837097168	1	1539.mp3
-34.81451416015625	22.842039108276367	1	1303.mp3
-36.299217224121094	23.777488708496094	1	1549.mp3
-36.56067657470703	23.931631088256836	1	225.mp3
-36.16473388671875	23.668455123901367	1	440.mp3
-35.959983825683594	23.339658737182617	1	1100.mp3
-36.514076232910156	23.937746047973633	1	1819.mp3
-36.027313232421875	23.664289474487305	1	244.mp3
-36.30629348754883	23.78770637512207	1	384.mp3
-36.195594787597656	23.78831672668457	1	1525.mp3
-36.01005554199219	23.504175186157227	1	1199.mp3
-35.655921936035156	23.34743309020996	1	819.mp3
-36.84728240966797	24.232158660888672	1	540.mp3
-36.159645080566406	23.65553855895996	1	1481.mp3
-36.112144470214844	23.546398162841797	1	1803.mp3
-35.890113830566406	23.54078483581543	1	1546.mp3
-36.3945198059082	23.97629737854004	1	729.mp3
-35.98012924194336	23.617002487182617	1	425.mp3
-35.678916931152344	23.51304054260254	1	1885.mp3
-36.0025520324707	23.58261489868164	1	477.mp3
-36.20271301269531	23.876195907592773	1	519.mp3
-35.55915832519531	23.307907104492188	1	1432.mp3
-36.32062530517578	23.88018226623535	1	1061.mp3
-36.14891815185547	23.680646896362305	1	966.mp3
-36.618858337402344	24.059886932373047	1	1713.mp3
-36.10342025756836	23.72666358947754	1	1672.mp3
-35.80872344970703	23.58432960510254	1	968.mp3
-36.48792266845703	23.99945640563965	1	1049.mp3
-35.47013473510742	23.19931411743164	1	74.mp3
-35.298561096191406	23.332849502563477	1	577.mp3
-35.962303161621094	23.524370193481445	1	865.mp3
-36.484535217285156	23.84565544128418	1	663.mp3
-35.624717712402344	23.23688507080078	1	631.mp3
-36.208858489990234	23.828929901123047	1	787.mp3
-35.34330368041992	23.071027755737305	1	1031.mp3
-36.47284698486328	23.86284065246582	1	1598.mp3
-35.58940124511719	23.349895477294922	1	1765.mp3
-35.97611999511719	23.77643394470215	1	616.mp3
-35.73097610473633	23.588390350341797	1	1691.mp3
-35.97095489501953	23.439496994018555	1	1632.mp3
-35.90034866333008	23.348281860351562	1	263.mp3
-36.05961608886719	23.71880340576172	1	394.mp3
-35.802059173583984	23.4758358001709	1	308.mp3
-36.26519012451172	23.80119514465332	1	574.mp3
-36.105918884277344	23.648935317993164	1	1869.mp3
-35.56578826904297	23.160024642944336	1	591.mp3
-36.27545166015625	23.827043533325195	1	422.mp3
-35.96430969238281	23.422101974487305	1	537.mp3
-36.32703399658203	23.99685287475586	1	170.mp3
-35.697364807128906	23.463228225708008	1	1381.mp3
-35.586204528808594	23.286832809448242	1	354.mp3
-36.00050354003906	23.45102882385254	1	553.mp3
-36.062767028808594	23.75086212158203	1	725.mp3
-36.39897918701172	23.778667449951172	1	38.mp3
-35.2720947265625	23.051137924194336	1	1081.mp3
-35.95795440673828	23.74198341369629	1	35.mp3
-35.68241882324219	23.417356491088867	1	1620.mp3
-35.88520050048828	23.413997650146484	1	1814.mp3
-35.868438720703125	23.33955955505371	1	592.mp3
-36.71630859375	24.16115951538086	1	1989.mp3
-36.157386779785156	23.52683448791504	1	842.mp3
-35.25788116455078	23.085844039916992	1	823.mp3
-36.55047607421875	24.012001037597656	1	750.mp3
-36.850894927978516	24.244342803955078	1	650.mp3
-36.326210021972656	23.890329360961914	1	1004.mp3
-35.76705551147461	23.38956069946289	1	453.mp3
-35.795501708984375	23.447511672973633	1	255.mp3
-35.593231201171875	23.327035903930664	1	16.mp3
-35.8114128112793	23.56068229675293	1	818.mp3
-36.0172233581543	23.602750778198242	1	171.mp3
-36.018375396728516	23.614126205444336	1	475.mp3
-35.89487838745117	23.47773551940918	1	1073.mp3
-35.987335205078125	23.480552673339844	1	980.mp3
-36.02168273925781	23.668256759643555	1	1063.mp3
-36.06714630126953	23.735015869140625	1	1605.mp3
-36.738922119140625	24.107967376708984	1	1474.mp3
-36.67536163330078	24.15962791442871	1	1790.mp3
-36.04507064819336	23.704883575439453	1	556.mp3
-36.37864685058594	23.89207649230957	1	1043.mp3
-35.25331115722656	23.157381057739258	1	261.mp3
-35.87903594970703	23.35060691833496	1	1877.mp3
-36.026771545410156	23.72312355041504	1	1225.mp3
-35.92845916748047	23.55376625061035	1	1272.mp3
-36.1019287109375	23.703392028808594	1	941.mp3
-36.05529022216797	23.71852684020996	1	1589.mp3
-36.113616943359375	23.534791946411133	1	702.mp3
-35.82695770263672	23.513702392578125	1	955.mp3
-35.676918029785156	23.48658561706543	1	1878.mp3
-36.24613952636719	23.727880477905273	1	1408.mp3
-35.41899871826172	23.202043533325195	1	775.mp3
-36.33778381347656	23.926082611083984	1	1409.mp3
-35.95100021362305	23.638696670532227	1	1085.mp3
-35.92539978027344	23.34330940246582	1	791.mp3
-35.84034729003906	23.47707176208496	1	1669.mp3
-35.48346710205078	23.116390228271484	1	1627.mp3
-36.092559814453125	23.687965393066406	1	1908.mp3
-35.516700744628906	23.36602020263672	1	1143.mp3
-35.98599624633789	23.579984664916992	1	270.mp3
-36.477691650390625	23.993854522705078	1	802.mp3
-36.717979431152344	24.113357543945312	1	344.mp3
-36.12342834472656	23.724031448364258	1	1825.mp3
-36.57145690917969	24.006818771362305	1	803.mp3
-35.73263168334961	23.394498825073242	1	928.mp3
-35.56405258178711	23.503273010253906	1	522.mp3
-35.39179992675781	23.016199111938477	1	1114.mp3
-35.736412048339844	23.525279998779297	1	495.mp3
-36.40743637084961	23.85176658630371	1	213.mp3
-36.186622619628906	23.681499481201172	1	413.mp3
-36.039146423339844	23.673959732055664	1	1323.mp3
-36.24555969238281	23.747468948364258	1	1179.mp3
-36.027305603027344	23.50138282775879	1	705.mp3
-36.04132843017578	23.639312744140625	1	426.mp3
-35.852867126464844	23.51326560974121	1	186.mp3
-35.76179885864258	23.354413986206055	1	1304.mp3
-35.37540054321289	23.09712791442871	1	243.mp3
-36.06111145019531	23.631454467773438	1	759.mp3
-35.900978088378906	23.514554977416992	1	1403.mp3
-36.01211166381836	23.463163375854492	1	620.mp3
-37.04713439941406	24.353050231933594	1	1330.mp3
-35.99284362792969	23.542526245117188	1	1211.mp3
-36.245697021484375	23.851579666137695	1	101.mp3
-35.57678985595703	23.401884078979492	1	513.mp3
-36.5430908203125	24.022043228149414	1	536.mp3
-36.39004135131836	23.793184280395508	1	1931.mp3
-36.07927703857422	23.73410987854004	1	1665.mp3
-35.56061553955078	23.580678939819336	1	983.mp3
-36.179100036621094	23.834962844848633	1	99.mp3
-36.09031295776367	23.731525421142578	1	1141.mp3
-36.040374755859375	23.87736701965332	1	1037.mp3
-36.251747131347656	23.791980743408203	1	136.mp3
-36.22087097167969	23.60273551940918	1	188.mp3
-35.607627868652344	23.317359924316406	1	607.mp3
-36.59833526611328	24.138669967651367	1	95.mp3
-35.754276275634766	23.414838790893555	1	1460.mp3
-36.60518264770508	23.971250534057617	1	1736.mp3
-35.45527648925781	23.41359519958496	1	1124.mp3
-36.02552032470703	23.591798782348633	1	473.mp3
-35.65955352783203	23.47150230407715	1	1660.mp3
-36.600364685058594	24.060392379760742	1	129.mp3
-36.80071258544922	24.18389892578125	1	1492.mp3
-35.74175262451172	23.4079532623291	1	1110.mp3
-35.79728698730469	23.46955680847168	1	368.mp3
-36.51526641845703	24.02333641052246	1	1448.mp3
-35.632850646972656	23.486818313598633	1	545.mp3
-36.79065704345703	24.233936309814453	1	1424.mp3
-36.690635681152344	24.120882034301758	1	1558.mp3
-36.23296356201172	23.65064811706543	1	209.mp3
-36.267356872558594	23.78975486755371	1	1058.mp3
-36.2349853515625	23.809358596801758	1	1973.mp3
-36.021514892578125	23.64480209350586	1	1186.mp3
-36.29228210449219	23.777820587158203	1	1298.mp3
-36.79462432861328	24.187837600708008	1	1406.mp3
-36.379554748535156	23.861513137817383	1	421.mp3
-35.74424362182617	23.603803634643555	1	840.mp3
-36.83709716796875	24.237247467041016	1	1977.mp3
-35.59886169433594	23.218902587890625	1	293.mp3
-36.321834564208984	23.775711059570312	1	1056.mp3
-35.38664245605469	23.208372116088867	1	744.mp3
-35.61896514892578	23.38878059387207	1	328.mp3
-36.189857482910156	23.668792724609375	1	1355.mp3
-36.5107421875	23.83448028564453	1	211.mp3
-36.58982467651367	23.98679542541504	1	337.mp3
-36.505733489990234	23.931570053100586	1	14.mp3
-36.04057693481445	23.746463775634766	1	1026.mp3
-35.5958251953125	23.243389129638672	1	253.mp3
-35.82643127441406	23.294248580932617	1	853.mp3
-36.13716125488281	23.668058395385742	1	1974.mp3
-35.90662384033203	23.618816375732422	1	1599.mp3
-36.71772003173828	24.08866310119629	1	715.mp3
-36.529029846191406	23.905208587646484	1	1864.mp3
-35.89136505126953	23.757333755493164	1	746.mp3
-35.25185012817383	23.19358253479004	1	306.mp3
-36.73436737060547	24.15849494934082	1	668.mp3
-35.519432067871094	23.22029685974121	1	1794.mp3
-35.914066314697266	23.54347038269043	1	407.mp3
-36.13157653808594	23.729347229003906	1	12.mp3
-35.944496154785156	23.400453567504883	1	929.mp3
-36.720680236816406	24.2182674407959	1	1740.mp3
-35.51253890991211	23.325475692749023	1	950.mp3
-36.81272888183594	24.201168060302734	1	131.mp3
-36.18660354614258	23.59832191467285	1	687.mp3
-36.152122497558594	23.625581741333008	1	858.mp3
-35.95532989501953	23.455991744995117	1	876.mp3
-36.389488220214844	23.88003921508789	1	1354.mp3
-36.410194396972656	23.932279586791992	1	630.mp3
-35.869781494140625	23.472822189331055	1	1284.mp3
-35.78356170654297	23.446176528930664	1	527.mp3
-36.4570426940918	24.055885314941406	1	851.mp3
-35.96099090576172	23.607858657836914	1	278.mp3
-35.79010772705078	23.40897560119629	1	813.mp3
-36.00272750854492	23.665407180786133	1	1445.mp3
-36.529541015625	24.05476951599121	1	1019.mp3
-35.892784118652344	23.504892349243164	1	313.mp3
-36.09320831298828	23.698698043823242	1	277.mp3
-35.879638671875	23.440401077270508	1	109.mp3
-35.96477508544922	23.651336669921875	1	1032.mp3
-35.908599853515625	23.580257415771484	1	0.mp3
-35.691078186035156	23.405221939086914	1	1798.mp3
-36.46500778198242	23.84671974182129	1	820.mp3
-36.01319885253906	23.546602249145508	1	86.mp3
-36.291786193847656	23.739540100097656	1	939.mp3
-35.72081756591797	23.388750076293945	1	1028.mp3
-35.70907211303711	23.21267318725586	1	1831.mp3
-35.64582824707031	23.604650497436523	1	617.mp3
-35.925071716308594	23.524873733520508	1	937.mp3
-35.87007141113281	23.54844856262207	1	981.mp3
-35.44831848144531	23.232656478881836	1	1344.mp3
-36.02342224121094	23.620058059692383	1	429.mp3
-35.73107147216797	23.494049072265625	1	153.mp3
-36.12457275390625	23.73502540588379	1	1022.mp3
-36.37543869018555	23.917871475219727	1	1182.mp3
-36.116432189941406	23.738924026489258	1	737.mp3
-36.53296661376953	23.923377990722656	1	1711.mp3
-35.901405334472656	23.430707931518555	1	1375.mp3
-36.25771713256836	23.622989654541016	1	1603.mp3
-35.95425033569336	23.618871688842773	1	1846.mp3
-36.20415496826172	23.705533981323242	1	505.mp3
-35.46258544921875	23.227754592895508	1	1967.mp3
-36.02237319946289	23.672510147094727	1	133.mp3
-36.24408721923828	23.86271095275879	1	143.mp3
-35.99036407470703	23.64906883239746	1	1040.mp3
-36.649532318115234	24.14143180847168	1	25.mp3
-35.655174255371094	23.489681243896484	1	276.mp3
-36.12547302246094	23.728246688842773	1	1899.mp3
-36.07811737060547	23.714033126831055	1	911.mp3
-35.87440490722656	23.5291748046875	1	1392.mp3
-35.79471206665039	23.575044631958008	1	550.mp3
-36.21295928955078	23.7215633392334	1	85.mp3
-36.41383361816406	23.743757247924805	1	509.mp3
-36.398338317871094	23.8575382232666	1	418.mp3
-35.93212890625	23.557188034057617	1	1725.mp3
-35.82193374633789	23.4250431060791	1	1271.mp3
-36.41244125366211	23.838747024536133	1	1929.mp3
-35.31357955932617	23.12782859802246	1	1101.mp3
-35.57238006591797	23.294292449951172	1	1161.mp3
-35.641883850097656	23.31652069091797	1	1273.mp3
-36.382049560546875	23.93971061706543	1	1754.mp3
-35.93462371826172	23.454275131225586	1	626.mp3
-35.48736572265625	23.096601486206055	1	239.mp3
-36.427513122558594	23.79585838317871	1	665.mp3
-36.24489212036133	23.688989639282227	1	1363.mp3
-36.037174224853516	23.873340606689453	1	330.mp3
-36.0509033203125	23.731313705444336	1	1822.mp3
-35.91027069091797	23.492067337036133	1	1275.mp3
-35.51887512207031	23.3098201751709	1	1152.mp3
-36.0344352722168	23.743812561035156	1	1266.mp3
-36.089378356933594	23.514978408813477	1	633.mp3
-36.27741241455078	23.896427154541016	1	1319.mp3
-35.813026428222656	23.45732307434082	1	1476.mp3
-36.128013610839844	23.686861038208008	1	1745.mp3
-36.53596496582031	24.055660247802734	1	462.mp3
-36.2508544921875	23.83793830871582	1	1136.mp3
-36.27631759643555	24.00008201599121	1	1154.mp3
-36.305381774902344	23.86769676208496	1	1055.mp3
-36.23175048828125	23.797178268432617	1	1897.mp3
-35.73975372314453	23.413957595825195	1	586.mp3
-36.04017639160156	23.55375862121582	1	1719.mp3
-35.37981414794922	23.05436897277832	1	1067.mp3
-36.034488677978516	23.60346794128418	1	304.mp3
-36.095603942871094	23.688962936401367	1	1237.mp3
-36.146217346191406	23.759450912475586	1	1444.mp3
-36.04520797729492	23.652503967285156	1	621.mp3
-36.87763214111328	24.231374740600586	1	655.mp3
-36.07526397705078	23.61842155456543	1	430.mp3
-36.26106262207031	23.691551208496094	1	96.mp3
-35.86954116821289	23.54842185974121	1	1024.mp3
-36.06098556518555	23.803274154663086	1	114.mp3
-36.28291320800781	23.84814453125	1	1949.mp3
-35.22917175292969	23.078989028930664	1	1346.mp3
-36.23346710205078	23.842195510864258	1	1983.mp3
-36.347129821777344	23.8952693939209	1	459.mp3
-36.475914001464844	23.944747924804688	1	979.mp3
-36.69597625732422	24.086164474487305	1	1002.mp3
-35.716339111328125	23.443359375	1	967.mp3
-36.0057373046875	23.44819450378418	1	580.mp3
-36.574310302734375	24.141820907592773	1	1314.mp3
-35.66126251220703	23.531850814819336	1	361.mp3
-36.60984802246094	24.095571517944336	1	1377.mp3
-35.419036865234375	23.171947479248047	1	1640.mp3
-36.08749771118164	23.661924362182617	1	1810.mp3
-35.89082717895508	23.481685638427734	1	1202.mp3
-35.88513946533203	23.56604766845703	1	799.mp3
-36.665122985839844	24.08637046813965	1	1348.mp3
-36.509220123291016	23.989938735961914	1	1087.mp3
-35.94667434692383	23.384782791137695	1	1836.mp3
-36.63639831542969	23.973491668701172	1	1724.mp3
-36.776634216308594	24.19666862487793	1	217.mp3
-36.09376525878906	23.740327835083008	1	342.mp3
-35.980918884277344	23.518159866333008	1	369.mp3
-35.718055725097656	23.263259887695312	1	1071.mp3
-35.13954544067383	23.04619026184082	1	1434.mp3
-35.87220764160156	23.751115798950195	1	912.mp3
-36.11517333984375	23.755352020263672	1	1607.mp3
-36.56889343261719	24.063480377197266	1	1079.mp3
-36.053924560546875	23.647958755493164	1	526.mp3
-35.57288360595703	23.343368530273438	1	271.mp3
-36.17481231689453	23.706892013549805	1	730.mp3
-35.57189178466797	23.12095832824707	1	624.mp3
-36.36445999145508	23.91486930847168	1	379.mp3
-36.39220428466797	23.81160545349121	1	18.mp3
-35.95976638793945	23.527326583862305	1	1969.mp3
-36.720863342285156	24.149446487426758	1	487.mp3
-36.379966735839844	23.857271194458008	1	753.mp3
-35.931007385253906	23.582063674926758	1	156.mp3
-36.223697662353516	23.761333465576172	1	1992.mp3
-36.356056213378906	23.906354904174805	1	1574.mp3
-35.78224563598633	23.311767578125	1	90.mp3
-36.79125213623047	24.118179321289062	1	1611.mp3
-35.412940979003906	23.07759666442871	1	229.mp3
-35.7232666015625	23.462862014770508	1	1945.mp3
-36.065513610839844	23.680810928344727	1	1153.mp3
-36.38267517089844	23.96096420288086	1	600.mp3
-35.954795837402344	23.439788818359375	1	754.mp3
-36.328369140625	23.893230438232422	1	525.mp3
-35.52869415283203	23.287212371826172	1	1717.mp3
-36.01464080810547	23.538747787475586	1	1.mp3
-36.42980194091797	23.91581916809082	1	1197.mp3
-36.530494689941406	24.0286865234375	1	32.mp3
-36.52070617675781	24.041120529174805	1	661.mp3
-36.09039306640625	23.758403778076172	1	976.mp3
-35.93687057495117	23.603904724121094	1	1980.mp3
-35.626304626464844	23.32076072692871	1	608.mp3
-36.30854034423828	23.871339797973633	1	27.mp3
-36.162322998046875	23.749937057495117	1	1402.mp3
-35.72075653076172	23.451772689819336	1	1111.mp3
-36.10607147216797	23.641813278198242	1	1439.mp3
-36.39733123779297	23.974504470825195	1	300.mp3
-35.86689758300781	23.541696548461914	1	520.mp3
-36.22539138793945	23.80436897277832	1	1129.mp3
-36.329193115234375	23.861713409423828	1	1608.mp3
-35.51179504394531	23.29740333557129	1	1769.mp3
-34.94581604003906	22.898672103881836	1	1160.mp3
-35.4754524230957	23.15782356262207	1	228.mp3
-36.74791717529297	24.01603889465332	1	667.mp3
-35.92484664916992	23.573884963989258	1	1925.mp3
-36.15595245361328	23.772476196289062	1	1638.mp3
-35.774627685546875	23.368366241455078	1	80.mp3
-35.61248779296875	23.34708595275879	1	1963.mp3
-35.49934387207031	23.337007522583008	1	198.mp3
-36.15476989746094	23.7705020904541	1	716.mp3
-36.238121032714844	23.767505645751953	1	289.mp3
-36.43012619018555	23.954397201538086	1	1524.mp3
-36.23106002807617	23.84207534790039	1	1697.mp3
-36.10565948486328	23.7177677154541	1	845.mp3
-35.70166015625	23.37027931213379	1	106.mp3
-35.87269592285156	23.520336151123047	1	419.mp3
-36.073951721191406	23.77306365966797	1	506.mp3
-35.90580749511719	23.569658279418945	1	1419.mp3
-35.958648681640625	23.49263572692871	1	1701.mp3
-35.90753173828125	23.527952194213867	1	827.mp3
-35.601593017578125	23.464155197143555	1	1502.mp3
-36.094295501708984	23.573633193969727	1	267.mp3
-36.09376907348633	23.678613662719727	1	1618.mp3
-36.28772735595703	23.91407012939453	1	1890.mp3
-35.69794464111328	23.272218704223633	1	806.mp3
-35.72494888305664	23.45866584777832	1	291.mp3
-36.88712692260742	24.268545150756836	1	902.mp3
-36.30685043334961	23.844337463378906	1	1095.mp3
-36.283164978027344	23.85157012939453	1	587.mp3
-36.296302795410156	23.637924194335938	1	1534.mp3
-35.812286376953125	23.609121322631836	1	149.mp3
-36.493953704833984	24.00348472595215	1	502.mp3
-36.441734313964844	24.021486282348633	1	1332.mp3
-35.17867660522461	22.995473861694336	1	873.mp3
-35.29834747314453	23.219303131103516	1	1519.mp3
-36.36803436279297	23.895437240600586	1	485.mp3
-35.85581970214844	23.458646774291992	1	1561.mp3
-35.87221145629883	23.420185089111328	1	1291.mp3
-35.97123718261719	23.52357292175293	1	1364.mp3
-35.43402099609375	23.221458435058594	1	1480.mp3
-36.443702697753906	23.9273624420166	1	849.mp3
-36.233795166015625	23.825830459594727	1	1415.mp3
-36.7691764831543	24.21741485595703	1	504.mp3
-35.919288635253906	23.597867965698242	1	612.mp3
-35.708709716796875	23.43455696105957	1	1532.mp3
-35.83032989501953	23.56728172302246	1	220.mp3
-35.8741340637207	23.60752296447754	1	1535.mp3
-35.91916275024414	23.61415672302246	1	954.mp3
-35.790184020996094	23.62851905822754	1	1379.mp3
-35.86439514160156	23.516815185546875	1	1777.mp3
-35.71611785888672	23.60555076599121	1	965.mp3
-35.437889099121094	23.14705467224121	1	1425.mp3
-36.10783767700195	23.586322784423828	1	795.mp3
-36.06196212768555	23.749177932739258	1	863.mp3
-35.885841369628906	23.494096755981445	1	1823.mp3
-36.206783294677734	23.64418601989746	1	1914.mp3
-36.706119537353516	24.136445999145508	1	1601.mp3
-35.901275634765625	23.519350051879883	1	1681.mp3
-35.77373504638672	23.494897842407227	1	1826.mp3
-34.99733352661133	22.93084144592285	1	1135.mp3
-35.77470397949219	23.534883499145508	1	1189.mp3
-36.12996292114258	23.596986770629883	1	713.mp3
-36.18864440917969	23.803876876831055	1	1870.mp3
-35.87574768066406	23.515165328979492	1	1171.mp3
-35.866416931152344	23.645662307739258	1	521.mp3
-35.75887680053711	23.443281173706055	1	1839.mp3
-36.22389221191406	23.628767013549805	1	82.mp3
-36.55071258544922	23.930654525756836	1	789.mp3
-36.552616119384766	23.986295700073242	1	762.mp3
-36.29918670654297	23.932321548461914	1	1006.mp3
-36.55422592163086	24.007150650024414	1	290.mp3
-35.61655807495117	23.29875373840332	1	1757.mp3
-36.625701904296875	24.10154914855957	1	78.mp3
-35.899532318115234	23.636262893676758	1	1568.mp3
-35.5770149230957	23.298707962036133	1	1094.mp3
-35.37159729003906	23.0511531829834	1	546.mp3
-36.78757095336914	24.199155807495117	1	1070.mp3
-36.39398956298828	23.909624099731445	1	466.mp3
-36.12385177612305	23.75856590270996	1	234.mp3
-35.9942512512207	23.695913314819336	1	1612.mp3
-35.863136291503906	23.443960189819336	1	338.mp3
-35.77789306640625	23.49607276916504	1	1243.mp3
-35.92106628417969	23.410646438598633	1	420.mp3
-36.23493576049805	23.615995407104492	1	1709.mp3
-35.93897247314453	23.611671447753906	1	1629.mp3
-35.77107238769531	23.380903244018555	1	1630.mp3
-36.13800811767578	23.905656814575195	1	1893.mp3
-35.558380126953125	23.174114227294922	1	1832.mp3
-36.53400802612305	24.088045120239258	1	4.mp3
-35.94062042236328	23.64628028869629	1	1399.mp3
-35.69477462768555	23.279760360717773	1	903.mp3
-35.95426940917969	23.62504005432129	1	1088.mp3
-36.09082794189453	23.599416732788086	1	1648.mp3
-36.55657196044922	24.207117080688477	1	1919.mp3
-36.10959243774414	23.763906478881836	1	2.mp3
-35.39971160888672	23.26151466369629	1	883.mp3
-36.187225341796875	23.779386520385742	1	1594.mp3
-36.59873962402344	24.114442825317383	1	1901.mp3
-36.556644439697266	24.0477237701416	1	1791.mp3
-36.41358947753906	23.9329891204834	1	1503.mp3
-36.023773193359375	23.64476203918457	1	1548.mp3
-36.6432991027832	24.202913284301758	1	1800.mp3
-35.8895263671875	23.396839141845703	1	1000.mp3
-36.20903778076172	23.847625732421875	1	1106.mp3
-35.914737701416016	23.426437377929688	1	1926.mp3
-35.74407958984375	23.566282272338867	1	685.mp3
-36.11371612548828	23.571651458740234	1	1667.mp3
-35.5032958984375	23.219085693359375	1	1347.mp3
-36.51865005493164	23.925931930541992	1	1812.mp3
-36.42999267578125	24.005382537841797	1	1703.mp3
-35.577110290527344	23.265134811401367	1	380.mp3
-35.702728271484375	23.228078842163086	1	1293.mp3
-36.0848274230957	23.625917434692383	1	1671.mp3
-36.39754867553711	23.90485954284668	1	1891.mp3
-36.48295593261719	23.920663833618164	1	212.mp3
-36.27076721191406	23.798681259155273	1	1710.mp3
-35.373775482177734	23.22075843811035	1	728.mp3
-35.965972900390625	23.65157699584961	1	388.mp3
-36.122501373291016	23.76469612121582	1	1900.mp3
-35.43910217285156	23.233539581298828	1	1041.mp3
-36.19165802001953	23.787357330322266	1	28.mp3
-35.87928009033203	23.357385635375977	1	172.mp3
-36.01475524902344	23.609880447387695	1	1280.mp3
-36.161346435546875	23.688379287719727	1	660.mp3
-36.32664489746094	23.879878997802734	1	674.mp3
-36.38441467285156	23.897417068481445	1	465.mp3
-36.59672546386719	24.07754135131836	1	181.mp3
-36.2880859375	23.898534774780273	1	1662.mp3
-36.300567626953125	23.830434799194336	1	1340.mp3
-36.172264099121094	23.8494873046875	1	142.mp3
-35.88749694824219	23.56175422668457	1	1349.mp3
-35.860633850097656	23.400407791137695	1	1774.mp3
-36.266883850097656	23.62495231628418	1	1915.mp3
-35.134307861328125	22.950998306274414	1	1986.mp3
-35.937904357910156	23.478120803833008	1	1221.mp3
-35.9416389465332	23.51778221130371	1	932.mp3
-36.16273498535156	23.689451217651367	1	1886.mp3
-35.9849853515625	23.630098342895508	1	573.mp3
-36.437965393066406	23.851287841796875	1	1968.mp3
-36.11570739746094	23.87066078186035	1	274.mp3
-36.28423309326172	23.735855102539062	1	178.mp3
-36.26148986816406	23.885377883911133	1	1582.mp3
-35.68312072753906	23.434476852416992	1	752.mp3
-35.48817443847656	23.21442222595215	1	1776.mp3
-36.080963134765625	23.76399803161621	1	148.mp3
-35.863380432128906	23.575641632080078	1	601.mp3
-36.71713638305664	24.16377067565918	1	1450.mp3
-35.78617858886719	23.42061424255371	1	1350.mp3
-36.25489807128906	23.771007537841797	1	1003.mp3
-36.04609680175781	23.5911808013916	1	176.mp3
-35.97620391845703	23.466421127319336	1	1673.mp3
-36.28959655761719	23.85917091369629	1	963.mp3
-36.3720588684082	23.82542610168457	1	45.mp3
-35.789878845214844	23.529211044311523	1	1943.mp3
-36.08331298828125	23.567045211791992	1	1845.mp3
-36.347110748291016	23.947771072387695	1	1130.mp3
-36.365150451660156	23.846357345581055	1	1295.mp3
-36.48601531982422	24.005598068237305	1	367.mp3
-36.133541107177734	23.735103607177734	1	518.mp3
-36.034629821777344	23.418352127075195	1	793.mp3
-35.894126892089844	23.614652633666992	1	1541.mp3
-35.58158874511719	23.330486297607422	1	917.mp3
-35.764610290527344	23.382905960083008	1	257.mp3
-35.757041931152344	23.443418502807617	1	164.mp3
-35.87111282348633	23.376861572265625	1	1753.mp3
-35.67791748046875	23.378332138061523	1	945.mp3
-36.15324401855469	23.639101028442383	1	831.mp3
-35.87455749511719	23.456300735473633	1	1185.mp3
-35.93505859375	23.560989379882812	1	161.mp3
-36.48475646972656	23.960813522338867	1	275.mp3
-35.72008514404297	23.345972061157227	1	385.mp3
-36.00074005126953	23.592615127563477	1	432.mp3
-35.90972137451172	23.59587860107422	1	977.mp3
-36.608924865722656	24.047056198120117	1	1133.mp3
-36.062171936035156	23.67499351501465	1	248.mp3
-36.39757537841797	23.871728897094727	1	1782.mp3
-36.330448150634766	23.93036460876465	1	1917.mp3
-36.0809326171875	23.717500686645508	1	575.mp3
-35.70441436767578	23.401723861694336	1	44.mp3
-35.762332916259766	23.451936721801758	1	867.mp3
-35.86238479614258	23.48688316345215	1	1370.mp3
-36.04325866699219	23.563203811645508	1	678.mp3
-36.51551818847656	23.957700729370117	1	1048.mp3
-35.4473876953125	23.351701736450195	1	320.mp3
-35.65871810913086	23.359943389892578	1	1971.mp3
-36.3038330078125	23.75589942932129	1	326.mp3
-35.359291076660156	23.098363876342773	1	533.mp3
-36.2008056640625	23.795209884643555	1	971.mp3
-35.85418701171875	23.339399337768555	1	1756.mp3
-34.94710159301758	22.90171241760254	1	1440.mp3
-35.66023254394531	23.433494567871094	1	410.mp3
-36.1395149230957	23.753931045532227	1	735.mp3
-35.98479461669922	23.61713981628418	1	1684.mp3
-36.38477325439453	23.93473243713379	1	1102.mp3
-36.32713317871094	23.718915939331055	1	816.mp3
-36.338523864746094	23.86561393737793	1	921.mp3
-36.10353088378906	23.63108253479004	1	936.mp3
-36.05079650878906	23.569007873535156	1	691.mp3
-36.497589111328125	23.9039249420166	1	962.mp3
-36.228973388671875	23.82349395751953	1	406.mp3
-35.653316497802734	23.442489624023438	1	390.mp3
-36.292972564697266	23.67683982849121	1	1216.mp3
-35.985931396484375	23.562334060668945	1	336.mp3
-35.67075729370117	23.483938217163086	1	1190.mp3
-36.40550994873047	23.898164749145508	1	604.mp3
-35.44829559326172	23.1259765625	1	1256.mp3
-36.2332649230957	23.892698287963867	1	1038.mp3
-35.29621505737305	23.133607864379883	1	1586.mp3
-35.577667236328125	23.34819221496582	1	1397.mp3
-35.460262298583984	23.23763656616211	1	1205.mp3
-36.15434265136719	23.794973373413086	1	1155.mp3
-35.865142822265625	23.39887809753418	1	1692.mp3
-36.184722900390625	23.819944381713867	1	1334.mp3
-35.40482711791992	23.22466468811035	1	1345.mp3
-35.82075119018555	23.55801773071289	1	1892.mp3
-35.86011505126953	23.361827850341797	1	571.mp3
-36.44420623779297	23.809467315673828	1	664.mp3
-36.560081481933594	23.961214065551758	1	1592.mp3
-36.21942138671875	23.691240310668945	1	259.mp3
-36.727935791015625	24.13580894470215	1	370.mp3
-36.335575103759766	23.748863220214844	1	1405.mp3
-36.275856018066406	23.7883243560791	1	1369.mp3
-36.208946228027344	23.834266662597656	1	1905.mp3
-35.60273742675781	23.396387100219727	1	1014.mp3
-36.05885696411133	23.69089126586914	1	472.mp3
-36.123802185058594	23.78683853149414	1	1490.mp3
-35.47245788574219	23.216672897338867	1	874.mp3
-35.90056610107422	23.513809204101562	1	1642.mp3
-36.15788269042969	23.746137619018555	1	555.mp3
-35.594085693359375	23.230022430419922	1	1874.mp3
-36.265769958496094	23.90485382080078	1	1077.mp3
-35.81178283691406	23.523303985595703	1	1421.mp3
-35.933441162109375	23.678913116455078	1	1930.mp3
-35.385353088378906	23.212984085083008	1	1587.mp3
-36.472442626953125	24.046205520629883	1	376.mp3
-36.33293151855469	23.76918601989746	1	1053.mp3
-36.65752410888672	24.086416244506836	1	931.mp3
-36.145870208740234	23.713632583618164	1	353.mp3
-35.52083969116211	23.274568557739258	1	1123.mp3
-36.659027099609375	24.09689712524414	1	240.mp3
-35.579864501953125	23.292150497436523	1	991.mp3
-35.68671798706055	23.30817222595215	1	699.mp3
-36.070892333984375	23.680397033691406	1	258.mp3
-36.340354919433594	23.898317337036133	1	350.mp3
-36.443214416503906	23.84001350402832	1	322.mp3
-35.711395263671875	23.314668655395508	1	1092.mp3
-36.29654312133789	23.68404197692871	1	216.mp3
-36.749847412109375	24.154428482055664	1	524.mp3
-35.996429443359375	23.53770637512207	1	870.mp3
-35.972259521484375	23.647001266479492	1	345.mp3
-35.94828414916992	23.533288955688477	1	351.mp3
-36.186370849609375	23.686269760131836	1	986.mp3
-36.203365325927734	23.88675880432129	1	218.mp3
-35.1058349609375	23.075117111206055	1	57.mp3
-36.17022705078125	23.796802520751953	1	116.mp3
-36.67710876464844	24.119327545166016	1	150.mp3
-35.472434997558594	23.228700637817383	1	563.mp3
-35.32847213745117	23.20648193359375	1	1430.mp3
-34.959808349609375	22.924436569213867	1	1435.mp3
-36.475181579589844	23.964277267456055	1	1670.mp3
-36.28453826904297	23.6563720703125	1	844.mp3
-35.80400085449219	23.502965927124023	1	1338.mp3
-35.90357208251953	23.63838768005371	1	534.mp3
-35.11761474609375	22.976587295532227	1	1637.mp3
-35.0645751953125	22.938133239746094	1	1635.mp3
-36.497161865234375	23.9105224609375	1	202.mp3
-36.653045654296875	24.032155990600586	1	1896.mp3
-36.2197380065918	23.78497886657715	1	1487.mp3
-36.18904113769531	23.800457000732422	1	1478.mp3
-36.139190673828125	23.73402214050293	1	731.mp3
-36.149070739746094	23.773149490356445	1	144.mp3
-35.80576705932617	23.5275821685791	1	399.mp3
-36.068260192871094	23.69135856628418	1	1446.mp3
-35.989906311035156	23.727163314819336	1	444.mp3
-36.11286163330078	23.771615982055664	1	1801.mp3
-36.28596496582031	23.804912567138672	1	282.mp3
-35.5863037109375	23.298063278198242	1	1473.mp3
-35.9423942565918	23.50184440612793	1	1318.mp3
-35.93052673339844	23.600887298583984	1	139.mp3
-35.57752990722656	23.21047019958496	1	1219.mp3
-36.014915466308594	23.565279006958008	1	1752.mp3
-36.68328094482422	24.09171485900879	1	68.mp3
-35.95225524902344	23.584117889404297	1	124.mp3
-36.37797164916992	23.932695388793945	1	1556.mp3
-35.87330627441406	23.580921173095703	1	30.mp3
-35.20378875732422	23.07946014404297	1	154.mp3
-36.28887939453125	23.822725296020508	1	570.mp3
-36.119407653808594	23.724956512451172	1	1631.mp3
-35.800315856933594	23.61943244934082	1	346.mp3
-36.28181838989258	23.777441024780273	1	588.mp3
-36.74789810180664	24.18054962158203	1	901.mp3
-35.63719940185547	23.368896484375	1	609.mp3
-36.255332946777344	23.7919864654541	1	1418.mp3
-35.64453887939453	23.286930084228516	1	1264.mp3
-35.35826873779297	23.109315872192383	1	1372.mp3
-35.81000518798828	23.497629165649414	1	948.mp3
-36.110504150390625	23.558034896850586	1	611.mp3
-35.44788360595703	23.221168518066406	1	227.mp3
-35.85560607910156	23.367013931274414	1	481.mp3
-36.048954010009766	23.55069923400879	1	878.mp3
-35.316139221191406	23.072290420532227	1	1113.mp3
-36.24131774902344	23.89418601989746	1	1861.mp3
-36.303253173828125	23.897043228149414	1	1505.mp3
-35.6773796081543	23.45475196838379	1	127.mp3
-35.458763122558594	23.417362213134766	1	786.mp3
-36.39227294921875	23.91438102722168	1	1847.mp3
-35.944984436035156	23.626298904418945	1	1258.mp3
-35.894039154052734	23.61882972717285	1	900.mp3
-35.920135498046875	23.446989059448242	1	734.mp3
-35.711585998535156	23.471820831298828	1	859.mp3
-35.835811614990234	23.535947799682617	1	1817.mp3
-36.20533752441406	23.807687759399414	1	992.mp3
-36.56510925292969	23.92403221130371	1	1059.mp3
-36.344512939453125	23.707965850830078	1	1132.mp3
-36.755279541015625	24.07869529724121	1	696.mp3
-35.419857025146484	23.275440216064453	1	1493.mp3
-35.27342987060547	23.113508224487305	1	1584.mp3
-35.49315643310547	23.149707794189453	1	1183.mp3
-36.12385940551758	23.599281311035156	1	1650.mp3
-35.9970588684082	23.648340225219727	1	1316.mp3
-36.25895690917969	23.796770095825195	1	1596.mp3
-36.03382873535156	23.665884017944336	1	516.mp3
-36.679283142089844	24.16489601135254	1	1134.mp3
-36.52430725097656	24.024274826049805	1	1981.mp3
-35.65507125854492	23.484697341918945	1	1520.mp3
-36.392250061035156	23.985994338989258	1	1312.mp3
-35.752105712890625	23.562841415405273	1	1326.mp3
-36.28650665283203	23.859846115112305	1	1467.mp3
-36.08750915527344	23.773174285888672	1	1083.mp3
-36.240257263183594	23.71287727355957	1	1356.mp3
-36.41716384887695	23.981657028198242	1	461.mp3
-35.71373748779297	23.451494216918945	1	927.mp3
-35.94268035888672	23.540281295776367	1	1140.mp3
-35.90392303466797	23.58790397644043	1	1337.mp3
-35.85858917236328	23.549734115600586	1	1384.mp3
-36.34185028076172	23.93902015686035	1	1521.mp3
-35.904029846191406	23.527597427368164	1	21.mp3
-36.265892028808594	23.782621383666992	1	266.mp3
-35.67567443847656	23.431676864624023	1	1518.mp3
-36.436214447021484	23.882410049438477	1	697.mp3
-35.60854721069336	23.225095748901367	1	56.mp3
-35.19206237792969	23.046232223510742	1	175.mp3
-35.67876434326172	23.367206573486328	1	771.mp3
-36.131446838378906	23.820554733276367	1	169.mp3
-35.714542388916016	23.38237953186035	1	1184.mp3
-36.910125732421875	24.26511573791504	1	1300.mp3
-35.62886428833008	23.299793243408203	1	1763.mp3
-36.4867057800293	23.869436264038086	1	1889.mp3
-36.542144775390625	23.842811584472656	1	1841.mp3
-35.667232513427734	23.47894859313965	1	529.mp3
-36.20672607421875	23.717845916748047	1	8.mp3
-35.52836990356445	23.304048538208008	1	1466.mp3
-35.636497497558594	23.455772399902344	1	1722.mp3
-35.847694396972656	23.596206665039062	1	1569.mp3
-36.047489166259766	23.603567123413086	1	839.mp3
-36.12150573730469	23.66444206237793	1	1575.mp3
-36.24822998046875	23.740392684936523	1	1834.mp3
-36.61282730102539	24.045740127563477	1	990.mp3
-36.02167510986328	23.544347763061523	1	1240.mp3
-36.493526458740234	24.00543785095215	1	1327.mp3
-36.28765106201172	23.75105857849121	1	1454.mp3
-36.12727737426758	23.766332626342773	1	1948.mp3
-35.94738006591797	23.61285400390625	1	372.mp3
-36.17719268798828	23.77789306640625	1	695.mp3
-35.762428283691406	23.418943405151367	1	692.mp3
-35.918983459472656	23.571062088012695	1	1906.mp3
-36.01826477050781	23.609060287475586	1	1843.mp3
-35.63685989379883	23.356887817382812	1	843.mp3
-36.16571044921875	23.68321990966797	1	115.mp3
-36.393157958984375	23.942216873168945	1	1663.mp3
-36.48198699951172	24.0153751373291	1	1504.mp3
-35.93604278564453	23.482175827026367	1	1720.mp3
-36.21609878540039	23.787588119506836	1	1606.mp3
-36.44041442871094	24.046953201293945	1	1307.mp3
-35.396888732910156	23.04948616027832	1	564.mp3
-35.641639709472656	23.614625930786133	1	1117.mp3
-35.3695068359375	23.074989318847656	1	1849.mp3
-35.3937873840332	23.075342178344727	1	639.mp3
-36.86656188964844	24.17413902282715	1	1552.mp3
-36.07369613647461	23.667387008666992	1	741.mp3
-35.183433532714844	23.031452178955078	1	1229.mp3
-35.285640716552734	23.17742156982422	1	1506.mp3
-35.87348937988281	23.43564796447754	1	1659.mp3
-36.018348693847656	23.69981575012207	1	1786.mp3
-36.2844352722168	23.82428550720215	1	1935.mp3
-35.521827697753906	23.297571182250977	1	319.mp3
-35.90422058105469	23.619552612304688	1	140.mp3
-35.463523864746094	23.27484130859375	1	51.mp3
-36.231658935546875	23.827722549438477	1	1008.mp3
-35.57891082763672	23.31678581237793	1	993.mp3
-35.89494323730469	23.528532028198242	1	503.mp3
-35.696128845214844	23.421419143676758	1	914.mp3
-36.011940002441406	23.654640197753906	1	1452.mp3
-36.63288879394531	24.09311294555664	1	772.mp3
-35.99708557128906	23.602949142456055	1	1799.mp3
-36.45854949951172	23.8111629486084	1	1308.mp3
-36.286285400390625	23.895029067993164	1	1947.mp3
-36.31732177734375	23.75702476501465	1	1651.mp3
-36.060707092285156	23.71743392944336	1	862.mp3
-36.12480163574219	23.831815719604492	1	1911.mp3
-36.543697357177734	24.00348663330078	1	1941.mp3
-35.59507751464844	23.43486976623535	1	1128.mp3
-36.39551544189453	24.040868759155273	1	251.mp3
-35.958248138427734	23.538232803344727	1	1858.mp3
-36.24785614013672	23.71583366394043	1	205.mp3
-35.11260223388672	23.03904914855957	1	1294.mp3
-35.804969787597656	23.38062858581543	1	391.mp3
-36.090248107910156	23.611513137817383	1	437.mp3
-35.83977508544922	23.45998191833496	1	1680.mp3
-35.39706802368164	23.24977684020996	1	331.mp3
-36.393798828125	23.887239456176758	1	1126.mp3
-36.392822265625	24.07741928100586	1	69.mp3
-36.21494674682617	23.785329818725586	1	332.mp3
-36.01179122924805	23.443880081176758	1	1932.mp3
-35.98615264892578	23.562498092651367	1	568.mp3
-36.58589553833008	24.033708572387695	1	1329.mp3
-36.77592468261719	24.107763290405273	1	1471.mp3
-35.82481384277344	23.583375930786133	1	1206.mp3
-35.87812805175781	23.567319869995117	1	796.mp3
-36.43622589111328	23.985300064086914	1	961.mp3
-35.97331237792969	23.67304039001465	1	1536.mp3
-35.721797943115234	23.50554084777832	1	1220.mp3
-35.966209411621094	23.61100959777832	1	1253.mp3
-36.50101852416992	23.906423568725586	1	1881.mp3
-35.76747131347656	23.505037307739258	1	1146.mp3
-35.647705078125	23.20042610168457	1	195.mp3
-35.80662536621094	23.68134117126465	1	269.mp3
-35.80105972290039	23.557912826538086	1	1459.mp3
-35.73961639404297	23.43515396118164	1	232.mp3
-35.52912902832031	23.3955078125	1	1739.mp3
-36.10200881958008	23.693443298339844	1	866.mp3
-36.36700439453125	23.975065231323242	1	909.mp3
-35.29716873168945	23.127809524536133	1	1244.mp3
-35.632362365722656	23.430875778198242	1	987.mp3
-35.802734375	23.470539093017578	1	1573.mp3
-36.59790802001953	24.062219619750977	1	593.mp3
-35.95706558227539	23.68214225769043	1	1933.mp3
-36.72777557373047	24.047657012939453	1	528.mp3
-35.21538162231445	23.078279495239258	1	1433.mp3
-35.92198944091797	23.609357833862305	1	1951.mp3
-36.104766845703125	23.475101470947266	1	1570.mp3
-35.63329315185547	23.45148277282715	1	627.mp3
-36.06401824951172	23.73832130432129	1	1581.mp3
-36.4498405456543	23.93480110168457	1	1655.mp3
-36.10594177246094	23.649423599243164	1	448.mp3
-36.15888977050781	23.563119888305664	1	494.mp3
-36.17669677734375	23.66471290588379	1	316.mp3
-36.18403244018555	23.872037887573242	1	416.mp3
-35.838401794433594	23.54493522644043	1	798.mp3
-36.51895523071289	23.965974807739258	1	861.mp3
-36.1955451965332	23.690736770629883	1	785.mp3
-35.78572082519531	23.442678451538086	1	87.mp3
-36.63922119140625	24.08982276916504	1	1116.mp3
-36.11498260498047	23.7528133392334	1	1887.mp3
-36.28009796142578	24.044443130493164	1	1918.mp3
-35.88355255126953	23.50877571105957	1	1065.mp3
-35.868080139160156	23.518178939819336	1	48.mp3
-35.67747116088867	23.495298385620117	1	1694.mp3
-35.82044982910156	23.4339542388916	1	1249.mp3
-36.188629150390625	23.587114334106445	1	877.mp3
-35.72126770019531	23.2608585357666	1	554.mp3
-36.59951400756836	24.05038070678711	1	1242.mp3
-36.327030181884766	23.799474716186523	1	1283.mp3
-36.141578674316406	23.77875328063965	1	83.mp3
-35.937889099121094	23.657304763793945	1	1260.mp3
-35.668846130371094	23.454965591430664	1	1882.mp3
-35.85086441040039	23.375669479370117	1	1985.mp3
-36.51408386230469	23.962371826171875	1	1045.mp3
-36.69983673095703	24.171308517456055	1	768.mp3
-36.14544677734375	23.642942428588867	1	1733.mp3
-36.491722106933594	24.01970100402832	1	1287.mp3
-35.95094299316406	23.674108505249023	1	930.mp3
-36.29222869873047	23.70530128479004	1	666.mp3
-35.576698303222656	23.287433624267578	1	245.mp3
-35.985321044921875	23.731840133666992	1	720.mp3
-36.155372619628906	23.66620445251465	1	436.mp3
-36.55824279785156	24.01445960998535	1	499.mp3
-36.216251373291016	23.728330612182617	1	449.mp3
-35.9469108581543	23.576204299926758	1	1732.mp3
-36.37561798095703	23.86149787902832	1	1560.mp3
-36.06464385986328	23.701601028442383	1	857.mp3
-36.05126190185547	23.632421493530273	1	1118.mp3
-36.353981018066406	23.880014419555664	1	1169.mp3
-35.71024703979492	23.260698318481445	1	210.mp3
-36.19584655761719	23.798006057739258	1	1386.mp3
-36.12348556518555	23.637666702270508	1	187.mp3
-36.13530731201172	23.828638076782227	1	1807.mp3
-36.43101119995117	24.001035690307617	1	1512.mp3
-36.11320495605469	23.624460220336914	1	1751.mp3
-36.06571960449219	23.589223861694336	1	1274.mp3
-36.723228454589844	24.154619216918945	1	1922.mp3
-36.40291976928711	23.915847778320312	1	727.mp3
-35.843238830566406	23.456396102905273	1	1341.mp3
-35.454986572265625	23.292707443237305	1	1131.mp3
-35.63513946533203	23.346094131469727	1	1112.mp3
-36.6558723449707	24.179784774780273	1	1923.mp3
-35.314239501953125	22.998249053955078	1	97.mp3
-35.740867614746094	23.379674911499023	1	636.mp3
-35.63353729248047	23.42634391784668	1	1099.mp3
-36.14690399169922	23.684450149536133	1	769.mp3
-36.41539764404297	23.913267135620117	1	1168.mp3
-35.91517639160156	23.55060386657715	1	1441.mp3
-35.936500549316406	23.484798431396484	1	1331.mp3
-36.56519317626953	24.002622604370117	1	280.mp3
-35.67346954345703	23.36056900024414	1	1837.mp3
-36.33405685424805	23.745649337768555	1	454.mp3
-36.385223388671875	23.880094528198242	1	112.mp3
-35.908485412597656	23.605913162231445	1	1255.mp3
-35.68466567993164	23.360788345336914	1	1738.mp3
-35.65217590332031	23.34282684326172	1	238.mp3
-36.10664367675781	23.688560485839844	1	134.mp3
-35.941184997558594	23.538286209106445	1	1646.mp3
-35.68182373046875	23.449630737304688	1	357.mp3
-36.0413703918457	23.715810775756836	1	1866.mp3
-36.50652313232422	24.0261287689209	1	1853.mp3
-35.830047607421875	23.470611572265625	1	1928.mp3
-35.674583435058594	23.34592628479004	1	302.mp3
-35.95785903930664	23.711711883544922	1	1005.mp3
-35.65306091308594	23.425918579101562	1	1595.mp3
-36.2169189453125	23.84214973449707	1	1924.mp3
-35.825218200683594	23.580163955688477	1	825.mp3
-36.69709777832031	24.10174560546875	1	732.mp3
-36.379600524902344	23.897003173828125	1	919.mp3
-36.69499206542969	24.122394561767578	1	508.mp3
-35.397674560546875	23.184364318847656	1	1200.mp3
-35.41979217529297	23.3458194732666	1	1507.mp3
-36.2829704284668	23.896270751953125	1	1491.mp3
-35.586830139160156	23.27495765686035	1	155.mp3
-36.243099212646484	24.015016555786133	1	824.mp3
-36.513877868652344	23.89984703063965	1	1543.mp3
-36.122344970703125	23.86644172668457	1	59.mp3
-35.72941589355469	23.359968185424805	1	13.mp3
-35.92454528808594	23.573740005493164	1	157.mp3
-36.54418182373047	24.00710678100586	1	1991.mp3
-36.01386260986328	23.58213996887207	1	906.mp3
-36.578948974609375	24.034427642822266	1	439.mp3
-35.58556365966797	23.366453170776367	1	1759.mp3
-36.35457229614258	23.816007614135742	1	1176.mp3
-35.95292663574219	23.550090789794922	1	1279.mp3
-35.65740203857422	23.61894416809082	1	1359.mp3
-36.08591842651367	23.701234817504883	1	1400.mp3
-35.85021209716797	23.68056297302246	1	1198.mp3
-36.14540100097656	23.709516525268555	1	940.mp3
-35.54193878173828	23.23786735534668	1	1151.mp3
-35.46393966674805	23.247953414916992	1	1961.mp3
-36.07037353515625	23.680856704711914	1	1827.mp3
-35.539817810058594	23.234960556030273	1	73.mp3
-35.504119873046875	23.325876235961914	1	223.mp3
-35.67247772216797	23.407682418823242	1	770.mp3
-35.609397888183594	23.33185577392578	1	318.mp3
-35.531707763671875	23.197359085083008	1	1764.mp3
-36.2001953125	23.7993106842041	1	294.mp3
-36.19683074951172	23.728857040405273	1	1848.mp3
-36.041439056396484	23.6015567779541	1	952.mp3
-35.736122131347656	23.312963485717773	1	1809.mp3
-36.301509857177734	23.924097061157227	1	1879.mp3
-36.05699157714844	23.613744735717773	1	872.mp3
-36.74848556518555	24.123254776000977	1	1975.mp3
-35.72939682006836	23.472726821899414	1	126.mp3
-35.544342041015625	23.136301040649414	1	1821.mp3
-35.561622619628906	23.277023315429688	1	42.mp3
-35.775733947753906	23.462594985961914	1	1550.mp3
-35.75768280029297	23.469003677368164	1	287.mp3
-35.77796936035156	23.420984268188477	1	552.mp3
-36.397247314453125	24.008405685424805	1	492.mp3
-35.75691223144531	23.469280242919922	1	130.mp3
-36.100547790527344	23.67363739013672	1	1540.mp3
-36.14683532714844	23.72209358215332	1	1591.mp3
-35.9531364440918	23.565458297729492	1	77.mp3
-36.05499267578125	23.624696731567383	1	1797.mp3
-36.25498962402344	23.81620216369629	1	841.mp3
-36.46569061279297	23.85055923461914	1	807.mp3
-36.426910400390625	23.822025299072266	1	1060.mp3
-36.11745071411133	23.683137893676758	1	736.mp3
-36.25386047363281	23.677488327026367	1	199.mp3
-35.66111373901367	23.31267738342285	1	254.mp3
-36.290916442871094	23.835771560668945	1	1898.mp3
-35.673194885253906	23.231428146362305	1	1613.mp3
-36.43152618408203	23.91957664489746	1	595.mp3
-36.37544250488281	23.69883155822754	1	815.mp3
-36.03639221191406	23.879314422607422	1	645.mp3
-35.895626068115234	23.62614631652832	1	782.mp3
-36.00602722167969	23.501131057739258	1	1934.mp3
-36.03404235839844	23.67387580871582	1	1867.mp3
-36.070594787597656	23.688447952270508	1	88.mp3
-36.318382263183594	23.79524040222168	1	1668.mp3
-35.73457336425781	23.446821212768555	1	283.mp3
-36.84109115600586	24.249731063842773	1	1269.mp3
-35.579803466796875	23.323392868041992	1	1529.mp3
-36.086708068847656	23.741975784301758	1	1290.mp3
-36.232112884521484	23.809534072875977	1	985.mp3
-35.84626007080078	23.43401527404785	1	585.mp3
-36.228416442871094	23.79527473449707	1	434.mp3
-35.831329345703125	23.319774627685547	1	47.mp3
-35.87660217285156	23.61244010925293	1	1486.mp3
-36.45732498168945	24.00022315979004	1	935.mp3
-36.25602722167969	23.785634994506836	1	1950.mp3
-35.77300262451172	23.436376571655273	1	364.mp3
-35.93204116821289	23.512601852416992	1	860.mp3
-35.74641036987305	23.47206687927246	1	1743.mp3
-35.79046630859375	23.445409774780273	1	774.mp3
-35.861141204833984	23.40656852722168	1	1723.mp3
-36.77082443237305	24.185400009155273	1	589.mp3
-35.592674255371094	23.206064224243164	1	871.mp3
-36.76828384399414	24.11069679260254	1	1533.mp3
-35.5251350402832	23.28131866455078	1	1962.mp3
-36.4893798828125	23.87779426574707	1	1103.mp3
-36.278785705566406	23.85087013244629	1	53.mp3
-36.014259338378906	23.587688446044922	1	1277.mp3
-36.532936096191406	24.107200622558594	1	137.mp3
-36.37024688720703	23.879581451416016	1	252.mp3
-35.56390380859375	23.35405921936035	1	1488.mp3
-36.24094009399414	23.88166618347168	1	749.mp3
-35.90241622924805	23.469602584838867	1	362.mp3
-36.89287185668945	24.22165870666504	1	507.mp3
-36.9260368347168	24.265117645263672	1	913.mp3
-36.191993713378906	23.83070182800293	1	1313.mp3
-35.55952072143555	23.247522354125977	1	1712.mp3
-36.499481201171875	23.968425750732422	1	532.mp3
-35.66364669799805	23.342742919921875	1	1850.mp3
-36.0236930847168	23.714860916137695	1	675.mp3
-36.175537109375	23.6413516998291	1	1578.mp3
-35.70949172973633	23.374982833862305	1	1461.mp3
-36.439884185791016	23.818288803100586	1	596.mp3
-35.45542907714844	23.157270431518555	1	231.mp3
-36.09209442138672	23.640159606933594	1	1296.mp3
-36.304656982421875	23.85384178161621	1	634.mp3
-36.387176513671875	23.827167510986328	1	1921.mp3
-36.178550720214844	23.666702270507812	1	1625.mp3
-35.654869079589844	23.425247192382812	1	890.mp3
-36.571380615234375	23.953781127929688	1	383.mp3
-36.416160583496094	23.88255500793457	1	427.mp3
-36.37533187866211	23.93341064453125	1	5.mp3
-36.50115966796875	24.04402732849121	1	719.mp3
-35.64031982421875	23.367769241333008	1	780.mp3
-36.44239807128906	23.967248916625977	1	970.mp3
-36.32923126220703	23.874300003051758	1	1238.mp3
-35.99894714355469	23.662500381469727	1	1987.mp3
-35.50687026977539	23.212726593017578	1	751.mp3
-36.34040451049805	23.88475227355957	1	165.mp3
-35.89289855957031	23.42438316345215	1	652.mp3
-36.54764938354492	24.069698333740234	1	463.mp3
-35.770999908447266	23.376018524169922	1	711.mp3
-35.24513244628906	23.0983829498291	1	1358.mp3
-36.09275817871094	23.666574478149414	1	471.mp3
-36.17967987060547	23.737974166870117	1	1401.mp3
-35.70481872558594	23.448476791381836	1	1696.mp3
-36.4556884765625	23.88906478881836	1	659.mp3
-36.34386444091797	23.80658721923828	1	1252.mp3
-35.386192321777344	23.202165603637695	1	315.mp3
-35.65732192993164	23.234371185302734	1	1500.mp3
-35.938262939453125	23.67938804626465	1	1833.mp3
-35.91786575317383	23.370407104492188	1	393.mp3
-35.310302734375	23.06513214111328	1	635.mp3
-35.99408721923828	23.593618392944336	1	1617.mp3
-36.014671325683594	23.61655616760254	1	1173.mp3
-36.72328186035156	24.148012161254883	1	880.mp3
-36.415557861328125	23.9460391998291	1	784.mp3
-35.67237091064453	23.431489944458008	1	264.mp3
-36.65126037597656	24.086694717407227	1	40.mp3
-35.901145935058594	23.420530319213867	1	1816.mp3
-35.519832611083984	23.177867889404297	1	561.mp3
-35.66912078857422	23.36009407043457	1	39.mp3
-36.42265319824219	23.885805130004883	1	442.mp3
-36.48710632324219	23.981103897094727	1	1072.mp3
-36.45344161987305	23.93954849243164	1	1675.mp3
-35.93589782714844	23.770553588867188	1	1912.mp3
-36.13816833496094	23.775707244873047	1	493.mp3
-35.68303680419922	23.35713005065918	1	1365.mp3
-34.89752960205078	22.849016189575195	1	1563.mp3
-35.52825164794922	23.24483299255371	1	1236.mp3
-36.04441833496094	23.553354263305664	1	358.mp3
-36.47129821777344	23.947603225708008	1	1001.mp3
-35.734596252441406	23.42539405822754	1	1622.mp3
-36.15178298950195	23.803300857543945	1	1528.mp3
-35.78437042236328	23.479745864868164	1	618.mp3
-36.05849838256836	23.757793426513672	1	1015.mp3
-35.76533508300781	23.50555419921875	1	949.mp3
-36.272247314453125	23.733789443969727	1	809.mp3
-35.447105407714844	23.481842041015625	1	1462.mp3
-35.7406005859375	23.438777923583984	1	1498.mp3
-35.989967346191406	23.618371963500977	1	1698.mp3
-35.523651123046875	23.283395767211914	1	1254.mp3
-36.418617248535156	23.92746925354004	1	1726.mp3
-35.703834533691406	23.502050399780273	1	1623.mp3
-35.635738372802734	23.527551651000977	1	1944.mp3
-35.270362854003906	23.119421005249023	1	1431.mp3
-35.961578369140625	23.54665184020996	1	724.mp3
-36.86512756347656	24.209184646606445	1	105.mp3
-35.81524658203125	23.476457595825195	1	1571.mp3
-35.90179443359375	23.557321548461914	1	850.mp3
-36.209075927734375	23.754175186157227	1	748.mp3
-36.21302795410156	23.717761993408203	1	670.mp3
-35.66587829589844	23.402559280395508	1	886.mp3
-35.728797912597656	23.36090660095215	1	740.mp3
-36.718406677246094	24.0264949798584	1	1600.mp3
-36.51276397705078	23.96293830871582	1	590.mp3
-36.00071716308594	23.691619873046875	1	15.mp3
-35.92431640625	23.517314910888672	1	1339.mp3
-36.149864196777344	23.8045711517334	1	141.mp3
-36.479164123535156	23.94536781311035	1	1057.mp3
-35.26117706298828	23.11226463317871	1	1025.mp3
-36.42136764526367	24.021976470947266	1	488.mp3
-36.27700424194336	23.71527671813965	1	619.mp3
-35.6800537109375	23.361902236938477	1	159.mp3
-35.97145080566406	23.608312606811523	1	1793.mp3
-36.369693756103516	23.864748001098633	1	327.mp3
-36.35243225097656	23.782854080200195	1	120.mp3
-36.07726287841797	23.633264541625977	1	76.mp3
-35.329010009765625	23.169239044189453	1	1162.mp3
-36.45323944091797	23.923297882080078	1	1469.mp3
-36.18977355957031	23.840608596801758	1	1927.mp3
-36.1451416015625	23.80363655090332	1	174.mp3
-35.831207275390625	23.53799057006836	1	190.mp3
-36.159889221191406	23.77604866027832	1	222.mp3
-35.71877670288086	23.23772621154785	1	1727.mp3
-35.54265594482422	23.439266204833984	1	512.mp3
-36.9996452331543	24.298274993896484	1	207.mp3
-36.018821716308594	23.656206130981445	1	1097.mp3
-35.40311050415039	23.298906326293945	1	964.mp3
-35.14349365234375	22.99717903137207	1	1661.mp3
-35.914642333984375	23.501771926879883	1	1940.mp3
-35.68864440917969	23.429410934448242	1	1062.mp3
-36.335609436035156	23.79825210571289	1	1023.mp3
-36.07515335083008	23.54390525817871	1	491.mp3
-35.70597457885742	23.48859977722168	1	1863.mp3
-36.06975173950195	23.740354537963867	1	1233.mp3
-36.404640197753906	23.822790145874023	1	20.mp3
-35.468299865722656	23.256710052490234	1	1194.mp3
-35.92201232910156	23.470972061157227	1	1235.mp3
-36.048404693603516	23.6012020111084	1	403.mp3
-35.69634246826172	23.42328643798828	1	1820.mp3
-36.28601837158203	23.757055282592773	1	582.mp3
-36.04682540893555	23.657913208007812	1	1544.mp3
-36.56785583496094	24.018400192260742	1	1047.mp3
-35.93375778198242	23.690645217895508	1	1223.mp3
-36.2783088684082	23.897977828979492	1	1306.mp3
-36.25579071044922	23.827783584594727	1	1773.mp3
-35.8799934387207	23.69110107421875	1	517.mp3
-36.49787521362305	24.0312557220459	1	801.mp3
-36.660926818847656	24.117284774780273	1	679.mp3
-36.33289337158203	23.887252807617188	1	1639.mp3
-36.08835983276367	23.7307186126709	1	1075.mp3
-35.78953552246094	23.29817771911621	1	246.mp3
