x	y	cluster	file
-13.251627058211568	10.62957318099243	0	1666.mp3
6.107694239719597	-2.9286304860521084	1	1393.mp3
5.581549361255692	-4.757729352837439	2	448.mp3
9.708945686726901	-4.100857601234627	1	165.mp3
-10.747394451188914	8.906167199405337	0	65.mp3
8.899289449331217	-3.952225908045833	1	53.mp3
7.8246600642912645	-1.4957224846151767	1	98.mp3
4.036488577374175	-6.435817174027497	0	1173.mp3
5.701065653063522	-13.4071455839058	3	942.mp3
-10.393589443945075	10.265854940289797	0	1735.mp3
-3.7951370020348922	0.4685455406292462	0	50.mp3
-9.269935465783988	9.26175400192542	0	1335.mp3
-12.66101742488937	10.425505961689648	0	113.mp3
-9.905134297652856	8.675589634362948	0	472.mp3
-4.005916961981325	0.22246648028058155	0	802.mp3
-0.9472964280097907	-6.446843567984981	4	870.mp3
-10.303590643028162	10.80488479215454	0	1650.mp3
6.363217399256271	-7.179307167622817	5	155.mp3
-13.469362267816024	9.817567121285343	0	1200.mp3
-5.288420929626378	2.915207579799755	0	487.mp3
8.10038842918648	-15.043678215613502	3	1949.mp3
3.4465612571131747	-2.335062082757278	0	532.mp3
-13.300777349591346	9.507333797719856	0	603.mp3
-10.398818561758945	11.414646652591216	0	861.mp3
-13.261750383298759	9.8171036888293	0	1488.mp3
11.484474834704733	-6.997446241792364	6	1579.mp3
8.452003059630478	-4.81930870101794	7	63.mp3
-13.387849210956704	10.478124489406536	0	694.mp3
9.232622700846525	-2.7809115023178395	0	1352.mp3
-13.202259446828073	10.726837337529263	0	617.mp3
5.765220804169576	-12.837547459605068	3	1561.mp3
0.2838569623716896	-3.9096930260637337	6	1202.mp3
11.913278370594028	-7.298639568163968	1	1550.mp3
-10.295398409083475	9.739512232604811	0	1502.mp3
-13.288887830125487	10.760728547279514	0	1699.mp3
-12.708511120088927	11.044825934433154	0	1793.mp3
5.070809063788069	-2.634179674772209	1	202.mp3
7.648807448120665	-8.654308160780685	5	580.mp3
-6.621485601652935	2.713578342681101	0	732.mp3
-13.280644001748527	10.792557498358331	0	1476.mp3
10.74371520911957	-4.412446193232236	1	79.mp3
-3.465032736979364	-5.6538197041754	1	1875.mp3
17.685728656399053	-12.513494747386332	4	842.mp3
-12.097804838416938	8.08452125246141	0	1426.mp3
-13.252951311274924	10.71369263145667	0	1965.mp3
-0.7331160152894967	5.175656371229455	0	576.mp3
-9.079834640194504	10.279924081612519	0	1302.mp3
-11.198270775217948	10.955723977519014	0	1023.mp3
2.9617073666936258	4.661320669162796	0	170.mp3
-13.558659582958235	10.08073480958731	0	519.mp3
2.161380360507077	0.6106372924291863	1	1634.mp3
-8.90558986034613	5.058760048255846	0	1618.mp3
8.557655783170189	-6.10893034362352	7	405.mp3
8.904169286618313	-7.381694459437167	0	193.mp3
7.062769975000497	-5.357494772880868	7	308.mp3
7.5346215283665074	-8.608907832498486	5	315.mp3
-8.77423746794088	6.134948264964615	0	213.mp3
14.0429078973152	-13.685083128853968	3	1178.mp3
-1.4929858474940365	4.041913740335927	0	180.mp3
-5.430840067544064	4.3238279133562525	0	1477.mp3
-8.010398552217506	8.515629841061752	0	504.mp3
13.517399101654593	-15.915654834100659	3	49.mp3
-9.180290134048159	8.976640802340462	0	1882.mp3
4.032296435807399	-1.017082101329212	2	506.mp3
3.9734365202455373	5.259648694453657	3	404.mp3
8.020557258953083	-3.103943863938051	7	397.mp3
6.7071487492497734	-2.532574902968039	1	1070.mp3
-8.657320158312237	2.221706789707921	0	774.mp3
2.3114298226464087	-2.53666288426526	0	1061.mp3
-6.838103408645942	6.3935980744861425	0	771.mp3
-3.9794642668048867	6.949823255502825	0	940.mp3
17.117656283764283	-9.914507454797745	6	1304.mp3
8.136917287961774	-13.05796584303956	3	1106.mp3
10.361636239812452	-12.822237574128607	5	1925.mp3
-4.040129908152593	7.162739307648599	0	1241.mp3
0.19924310156847927	-5.850877951670469	4	1197.mp3
-8.922783444476218	10.139333191385742	0	1809.mp3
-11.837678725426624	10.309300957187554	0	690.mp3
4.472410393696039	-10.189099771817483	3	1525.mp3
-7.242312345017225	6.2906085330471155	0	1367.mp3
-5.6376340154392635	8.53838151910936	0	604.mp3
-13.529175117103211	9.252933911191558	0	1636.mp3
-7.6247125962069395	7.396521880639186	0	247.mp3
-13.111108618863119	10.943110560331556	0	633.mp3
0.8312534760582715	-8.509691161015946	4	693.mp3
-7.158674832428499	4.044331743036254	0	1440.mp3
-0.29126888114941324	-1.07691424912511	0	1950.mp3
0.09356188930259879	-1.2424103968757383	0	1920.mp3
3.875213826625856	-3.941236365367356	7	1738.mp3
7.726403558950303	-1.7796341570686618	1	923.mp3
13.856371132532834	-6.818914907592067	1	316.mp3
9.125697203986007	-2.8378752126420212	2	1822.mp3
6.054508226070609	-2.649414181632361	1	1683.mp3
-13.465222397493998	10.227384059153568	0	560.mp3
14.293909412500913	-13.332970919979287	3	1383.mp3
0.16537817699853635	3.723579461464543	0	509.mp3
-9.157343201975353	8.727595048383064	0	331.mp3
-11.376766079128434	10.741180384584997	0	292.mp3
7.920512005470176	-7.371017678545989	6	990.mp3
-6.491408880857036	8.132859796479272	0	278.mp3
2.981161546116078	2.673175552912387	0	131.mp3
5.58366543113794	-0.8702066403278361	5	1039.mp3
-12.866354164805808	11.134461667460338	0	384.mp3
-12.6455419381261	11.434738924128512	0	395.mp3
7.042273354758215	-9.082195297447281	6	1879.mp3
12.740823722426681	-11.697171290789273	4	322.mp3
-1.9704695161229613	-1.096013717934412	0	1425.mp3
4.724176078229711	-7.4571448460650185	6	1741.mp3
-10.451133698108075	5.968720904115493	0	242.mp3
-11.877736307889196	10.812139800341727	0	386.mp3
-5.880523820655714	5.292568370081312	0	1036.mp3
-7.071542747321473	3.8262372817651333	0	1289.mp3
-11.6725529805513	9.312711354614265	0	1024.mp3
-12.394481330903325	7.888537843508085	0	1056.mp3
4.027531605910716	-3.78716575050011	7	119.mp3
10.678201311722358	-5.06412122183984	0	588.mp3
-0.18872712500707028	4.34817061658332	5	1688.mp3
11.47507598980402	-15.678285091613533	3	1855.mp3
8.297339734650052	-4.394180674736758	1	1092.mp3
2.181842790017535	0.6745033773247534	1	921.mp3
-11.416289388679331	11.323148962046188	0	728.mp3
-13.421728461422209	10.66853990983395	0	46.mp3
-0.28138671575597635	-1.174063908662106	0	1326.mp3
-7.292417946265249	6.409153987042947	0	792.mp3
-10.763249963314705	5.918901979147729	0	86.mp3
-11.343482366937767	8.17703260834356	0	1172.mp3
5.6415968061611315	1.6103548213216397	4	1032.mp3
11.075272821465726	-16.8058569439031	3	470.mp3
-8.87316050852495	-0.6828418950888125	3	590.mp3
18.292159600589805	-15.705452248536892	3	1678.mp3
5.895305819017743	-10.701930686002605	3	1868.mp3
1.8022608863921843	-8.376379493590713	4	1739.mp3
-13.294996693320996	10.705678150919635	0	1861.mp3
-1.343939353620628	-0.2658248179668748	0	344.mp3
-8.844864597229067	3.4085014764852213	0	1088.mp3
7.246272268470873	-2.4678623746044632	2	272.mp3
12.717470950136665	-16.536242490088533	3	556.mp3
-12.722765091576344	11.044403998282382	0	1388.mp3
-2.8502418013650956	7.844155188054591	0	1094.mp3
-12.698092113647386	9.783248101627233	0	1466.mp3
15.026156905268714	-16.658419179827302	3	1136.mp3
-10.993256259446536	11.155178990470125	0	410.mp3
-7.93561639814618	8.868738119230727	0	422.mp3
6.502579443652046	-14.597069830062571	3	1718.mp3
-2.4674876758809345	1.8083844003004341	0	730.mp3
-9.001820767687848	9.856149947517336	0	1922.mp3
-9.92009792869594	9.479648907900307	0	1677.mp3
-12.072142548758551	9.413098569392469	0	862.mp3
-0.08948744693883591	-0.6114538184428001	0	279.mp3
-5.479248838130996	2.8617647420238526	0	1601.mp3
-0.932602905831326	5.385188607428652	0	455.mp3
1.765179901845081	0.8640511325946566	2	1859.mp3
3.742955146484287	0.8654177080053683	0	1841.mp3
2.253632836991314	-6.57957840700721	0	387.mp3
-6.10984978143038	5.933378204741611	0	1177.mp3
-10.199088470523314	10.549790833244403	0	618.mp3
7.542888963372563	-4.180259016905653	1	1539.mp3
10.764974856146614	-1.3937296437723339	3	463.mp3
4.368182578460103	-3.8233063109043934	2	1038.mp3
-12.64628926050466	10.557242259534663	0	1348.mp3
-4.29270843015972	3.6454456589557873	1	902.mp3
-12.729843130454	10.693539335932318	0	492.mp3
1.8059050231027447	-10.06265237263412	3	236.mp3
-12.531953007780656	10.308996387571637	0	1431.mp3
-3.9572840188788447	9.635158544215862	0	738.mp3
7.458370366352191	-9.776816328144996	3	478.mp3
-13.295064568344058	10.78409066276566	0	1630.mp3
3.094222567904298	-0.7755836423082837	1	640.mp3
3.8380218103906993	1.8734199432943668	0	1413.mp3
8.784223648206291	-1.3692537404826952	1	831.mp3
12.00707965277688	-4.096138116987716	1	586.mp3
-2.6140763090440835	1.3683199508717723	0	1694.mp3
1.0522390603121308	1.903382814724795	0	215.mp3
-13.036930690829557	10.29167622638414	0	680.mp3
9.635367417922374	-15.526417399122467	3	55.mp3
-9.196757499151756	10.25613101757969	0	1687.mp3
17.480324117110577	-11.826265454858055	1	479.mp3
4.408400930381101	-5.306717702110573	0	1857.mp3
-3.0793249834969734	8.101833213358683	0	649.mp3
-12.588528237151227	10.308505990731398	0	999.mp3
-5.337874919276234	9.232318284716778	0	1366.mp3
-7.973597066906399	5.673357029627567	0	983.mp3
-11.738228304483503	7.416825072816316	0	1520.mp3
-0.08926204340130121	-4.717289325573667	4	0.mp3
-5.472630274010909	7.63259767723811	0	1355.mp3
-3.9595740497401017	9.343297934910467	0	1168.mp3
6.910507832255497	-3.030659235604381	1	1622.mp3
15.247577950986571	-10.283031275837917	6	1877.mp3
1.5449854143993131	-5.25084535188873	3	869.mp3
-1.6256169249067804	6.123144792249572	0	1964.mp3
-11.7803336547294	11.099047028091423	0	1041.mp3
-6.445039811381651	4.865414860554381	0	222.mp3
7.51826968254086	-15.755118762000665	3	1342.mp3
13.464120564781899	-15.00455850859358	3	1661.mp3
-9.35764850031168	10.60388019477761	0	1163.mp3
10.726849964094406	-17.90886909620987	3	1657.mp3
13.414409243536053	-9.933327142616875	6	1157.mp3
-4.909719172597809	5.337308253958915	0	54.mp3
-0.06021170671983607	7.40428932840234	4	1874.mp3
0.42585548103203635	2.5921355294954824	0	1589.mp3
2.2020797805877756	-0.39035141448120686	0	37.mp3
10.939623315076606	-3.080841681790741	7	1711.mp3
-10.304250391590758	10.076743350290378	0	1983.mp3
6.533278001798085	-11.517041440201176	4	1632.mp3
-6.884950374944389	-0.39672215904464275	2	1128.mp3
-6.7547520857437195	6.338569157697469	0	425.mp3
2.6379063639665574	-3.9693539508994093	5	719.mp3
-11.564562839045443	8.338067234211737	0	1305.mp3
-13.768361259052835	8.989749681953109	0	1317.mp3
-13.023356440234126	8.932799201838057	0	989.mp3
-13.126126565248601	11.013452259452269	0	749.mp3
-4.311535139493436	-0.643449324872568	0	68.mp3
5.203582497952478	-3.6347631481862828	4	1294.mp3
4.939518683893508	-8.294765732242828	4	1222.mp3
14.402092482250806	-7.082785198009029	1	423.mp3
8.07090612235716	-9.518793283598063	4	64.mp3
15.313213771455725	-10.76529067324248	6	1737.mp3
-13.340639959836523	10.733806479904125	0	446.mp3
7.732874255818964	-3.4492266053001766	1	888.mp3
-2.9166655801690595	1.856992056824634	0	1603.mp3
-9.613843396906116	8.692190810332372	0	872.mp3
1.9556106933355497	-0.6896718372912445	1	705.mp3
2.1629417920388976	-9.915174590058285	3	593.mp3
0.2485031086932364	-4.694119452856783	6	994.mp3
0.9491018101944375	-0.9294278912506421	0	1489.mp3
5.449307378818444	-4.026253369768328	2	1817.mp3
7.526405772534479	-2.3817350785774316	2	1492.mp3
0.6525467194894263	-1.5804710595736795	0	1642.mp3
-13.219123988017467	10.761309788635112	0	1238.mp3
12.499539381126663	-18.43640406751287	3	1547.mp3
-5.553011743437994	5.622667951362482	0	563.mp3
9.85007465238684	0.6633233907408296	3	339.mp3
-7.756348722916198	2.523932693098935	0	1478.mp3
7.008610302792764	0.004129853513648919	1	8.mp3
7.517041941161705	-12.658048591508761	3	283.mp3
3.925130361612843	-5.561425416274385	2	1552.mp3
-12.74419823686879	11.018484449358393	0	782.mp3
-12.539977732913814	10.654600991448088	0	662.mp3
-10.719555127271313	10.071488868350107	0	1607.mp3
-8.116307904514278	11.695882563694703	0	635.mp3
7.73516368380163	-13.159946597231887	3	1644.mp3
-9.573623686828858	10.436959322499789	0	1567.mp3
5.519178572842969	2.534747378822773	4	1234.mp3
0.07913188786416736	-1.600871297941092	0	1120.mp3
-0.8520469577601065	-0.2380381858643175	0	1364.mp3
-7.891875278209387	6.5895249102530205	0	121.mp3
-7.768325813651101	9.890460421366415	0	1725.mp3
-6.890749912019661	6.6998266614715645	0	1578.mp3
3.416057605731947	-3.2451079088923516	2	1154.mp3
11.734480235886565	-16.718993654199814	3	1596.mp3
12.685960400447737	-16.47205856986427	3	1775.mp3
-4.208092534887899	3.5955411752871718	0	562.mp3
-7.19815188505986	8.174472256732592	0	1790.mp3
-13.192482869989336	9.717690301476182	0	1615.mp3
1.8159561293314752	-6.367381423053888	0	1967.mp3
-0.28666686057720875	1.6348758792194644	0	1259.mp3
7.342502895265057	-7.748244065579567	0	1921.mp3
-3.889263498211815	-1.5941116046370496	0	443.mp3
1.7367618713853217	-4.715904401003782	5	880.mp3
8.913370706005047	-4.979266595464335	6	835.mp3
-1.7815459176675195	1.6514690512104886	0	228.mp3
-6.302201540139877	4.092025637472699	0	1320.mp3
-1.527958219534877	4.389301207067482	0	1219.mp3
6.989567637961467	-7.026606839302944	5	1288.mp3
14.071475328852845	-13.453437361208698	6	1376.mp3
-6.463718704407764	9.345021452739898	0	1330.mp3
-12.060027635778921	7.3364075576183625	0	926.mp3
7.626779648654305	-15.132310730593748	3	109.mp3
19.171758089390543	-11.100837905378844	1	934.mp3
9.851928351918522	-7.500248481172793	6	1272.mp3
5.089990229349582	0.04797763941651886	7	101.mp3
4.436175236671994	0.6559136649076169	2	1439.mp3
-10.246454836148581	11.615878071225186	0	1581.mp3
5.266914740206691	0.18507125648464293	1	1810.mp3
0.8594353861838078	-2.5098617962819834	0	687.mp3
12.044449156805355	-7.18454278535963	6	1511.mp3
-2.104871570888627	4.848393933175359	0	1623.mp3
-12.77264663945917	7.716764502288924	0	1758.mp3
16.951207572498063	-7.856530782212997	1	1019.mp3
9.832594977250585	-7.61356599750201	6	1458.mp3
5.96855769185487	3.9459685866391823	4	1251.mp3
9.970268697407272	-3.7505491801176603	1	1343.mp3
3.193448605312095	0.31138572558692673	7	162.mp3
13.173654950985041	-2.678940600639685	4	1792.mp3
-5.208869253904066	9.044971404829313	0	1117.mp3
-2.576869257591774	4.69297566299689	0	1371.mp3
-12.773272423324242	9.960748142451544	0	552.mp3
5.140463177571674	-2.790166947124683	0	232.mp3
1.9678943137180867	2.2881272492863345	1	192.mp3
-7.3698559621674296	5.557802291323219	0	1713.mp3
18.639888920589538	-10.354637775554487	1	1218.mp3
8.962797102476435	-9.142303884011332	3	1918.mp3
3.189512494797609	-0.45030347871395865	1	1772.mp3
-13.29283884966649	10.775294117550333	0	1811.mp3
8.740025354420128	-4.960050939008813	7	1111.mp3
11.3425205189746	-14.149323738927533	3	1493.mp3
17.652329504327685	-12.943159716732964	3	679.mp3
3.188539215404493	-2.1589819833076778	0	1524.mp3
-3.268812412626037	3.689871516257331	0	742.mp3
2.115683354562163	-3.712656658602509	6	287.mp3
0.5358651923522938	-5.015065489328716	4	1924.mp3
-0.14239109435505728	2.7086441373137444	0	968.mp3
-2.542258002752752	0.47006836125173956	0	1208.mp3
11.336067183219054	-2.4584934235165217	2	1535.mp3
2.8260228274797443	-6.959339971041442	3	71.mp3
8.83973728425647	-10.330684504391758	3	1651.mp3
-12.393225795080703	11.2635484229349	0	589.mp3
10.782045298055257	-2.5601765714705444	1	1926.mp3
-1.4544741901331335	4.934076541312077	0	1273.mp3
-2.7300966571439527	1.9156316849386932	0	1015.mp3
6.172884528091834	-14.234453681375257	3	1139.mp3
-13.424952078795574	9.648596934504184	0	307.mp3
-9.98055403576229	6.485949238240736	0	179.mp3
-3.0847389023807414	0.16911071941879063	0	517.mp3
10.957328665564434	-9.230970282698168	3	828.mp3
14.239654172726967	-14.680546147921103	4	10.mp3
-12.64898968550674	11.0497648528969	0	751.mp3
5.476057050612664	-10.857869870222284	5	38.mp3
-13.194921170534782	10.203961938258818	0	1797.mp3
-12.989683628761279	10.880352628098615	0	711.mp3
-12.911286148955723	10.994613644478529	0	1729.mp3
-10.03919328743583	7.161594113214153	0	1132.mp3
1.7103923082756802	5.254790960667972	1	1107.mp3
12.856378483782441	-16.29179847312857	3	605.mp3
-12.612453843427081	10.195096119446841	0	449.mp3
-0.8255177218296783	7.613055177631903	0	1933.mp3
-6.3009946987507774	0.4666212098081993	0	1915.mp3
11.177418269816682	-3.7842662395744036	2	105.mp3
5.316530202449669	-4.247082754490239	2	1332.mp3
9.428709443908351	-1.3760834165313773	2	610.mp3
-6.576756026893924	0.6536600108742988	0	100.mp3
-9.723867140796019	8.622023965093339	0	1556.mp3
5.700144375590596	-5.829835698131383	0	1794.mp3
-10.21467043478666	6.442227410101755	0	211.mp3
12.15282091958929	-17.094114142214625	3	318.mp3
6.007989460016587	-3.9080596500551468	2	1497.mp3
6.102486535487501	-3.2187542545407815	5	1454.mp3
-13.054634775347782	10.050835396231536	0	908.mp3
4.010967485773091	-0.5601272778232241	1	47.mp3
-12.959741799446032	11.114257501567828	0	1126.mp3
3.172087947679713	-2.4389048785143603	3	1765.mp3
8.268813978426689	-0.6461052197705254	7	106.mp3
-6.61443374963084	4.959403552939851	0	368.mp3
8.058723487521863	-6.012050733965879	8	917.mp3
9.115417947269615	-12.886925683610736	3	1805.mp3
-9.18609325468974	7.871072876629905	0	1258.mp3
12.919589142253587	-15.164585674227958	3	1953.mp3
-13.207914655397795	10.501137905955634	0	1123.mp3
-13.245575232874819	8.397883681405835	0	1534.mp3
11.60053516132925	-9.148466589648882	5	1720.mp3
4.282472703424311	-12.792354956668632	3	253.mp3
3.090141517071123	0.8425015110833642	1	863.mp3
1.8772894933264577	-1.1901346653543587	0	1485.mp3
4.024568883064469	-12.564211579904873	3	281.mp3
0.43364975817170504	0.086539487989221	7	1808.mp3
9.095246619148549	-7.130877078835467	1	1237.mp3
6.673113526752381	-4.021453085946623	1	889.mp3
6.388614789512997	-15.113928677685642	3	514.mp3
9.691887345208793	-13.093598944820872	3	757.mp3
0.9697922953441737	-4.076926577355762	0	623.mp3
2.922142976607817	-2.3537810078761328	7	1768.mp3
-9.459173808400587	6.837614413180592	0	1475.mp3
-2.9079077949836822	0.8688184992923077	0	1703.mp3
-6.957712222583118	6.060877619538751	0	821.mp3
3.722730713877466	-3.562834950113424	7	1190.mp3
-13.213279866436233	10.87324939100093	0	699.mp3
5.622090668103437	-3.6271424539498165	1	1401.mp3
-9.000073764042822	10.258219391335116	0	1187.mp3
4.122770078870827	3.453288993960506	4	454.mp3
6.972568456966488	-4.303558034408558	1	1590.mp3
11.645415059589835	0.5282712277258463	3	661.mp3
-12.039904770912603	9.815367021937744	0	655.mp3
-13.109521198788547	10.832746574641961	0	988.mp3
15.921087363929365	-6.303010652779211	4	114.mp3
11.041222661819777	-7.590206055358926	6	1125.mp3
9.246326245443376	-2.9525867653287485	1	890.mp3
0.8314798041938793	3.8726808354738615	1	846.mp3
5.141081326035018	-13.318940783406068	3	1961.mp3
1.1086394791798353	1.9396062194014085	0	1378.mp3
7.177091869789783	-13.332160774155316	4	1496.mp3
-12.653464686430391	9.930099785128695	0	1250.mp3
-8.204073441677648	6.555987380671734	0	1213.mp3
5.2682025666417385	-1.3333224083681723	2	1971.mp3
6.273988002356918	-1.827314048246185	7	530.mp3
-3.7935238935273228	-0.8009434503270197	0	1778.mp3
7.034601961055281	-1.0418354297709373	1	333.mp3
-4.183473326050691	-0.8010092774452375	0	1582.mp3
-3.610974417693876	-5.309461779656355	0	762.mp3
7.718384819656338	-5.623942371155653	0	1199.mp3
17.88292248114587	-13.185450602252457	1	1282.mp3
-7.76177394650993	8.077742137756719	0	311.mp3
-10.225098464035334	11.369901069799129	0	1825.mp3
-6.648786480594445	3.778866932636059	0	1350.mp3
6.282289070714675	-5.476694866636935	3	1005.mp3
16.636454645069467	-12.927400296586683	6	584.mp3
10.383670870591315	-15.500699862549524	3	223.mp3
3.8369036757819255	-2.502267576782392	2	624.mp3
-13.404334833695604	10.345706093910076	0	1422.mp3
-8.892714301126192	7.307687992512677	0	237.mp3
-11.415913400614105	11.485226578460678	0	1702.mp3
7.663216894903571	-1.9409029530064343	1	138.mp3
-0.2706559688935731	2.009845406553164	0	671.mp3
1.7653250178433326	1.7214398687626549	1	1166.mp3
0.3053411944558271	-8.299678912206396	4	1629.mp3
16.435181053287838	-13.379236243331581	6	691.mp3
7.908729699915315	-0.7111713820935222	1	1527.mp3
-8.829783331143133	8.240040725293914	0	1220.mp3
13.891758044798936	-16.30578489966181	3	658.mp3
4.408837667179986	-7.386332219449413	7	1791.mp3
-12.973540513756623	10.510861408330749	0	1461.mp3
11.840458328692545	-10.666352062658175	4	1716.mp3
5.63470236640529	-10.278662545682291	4	267.mp3
1.9434690034439057	-9.772179043774889	3	528.mp3
-8.332163054786763	3.8960532516432447	0	665.mp3
6.309794804210974	-4.06516272621998	1	1112.mp3
7.206961548672915	-15.269019744521831	3	1843.mp3
-1.0600403837198986	-6.713296227227462	0	359.mp3
3.825014844335773	-1.8477602164730822	6	1745.mp3
-0.3209204367238242	-4.362558526763904	0	1712.mp3
-7.621453134217864	6.340866248101428	0	1209.mp3
-4.129945983571139	3.3037332591775903	0	406.mp3
12.116618035657442	-9.999588268489669	6	1223.mp3
-4.4140052814092305	5.623113337623358	0	1252.mp3
6.529954167832526	-5.466295382694191	0	321.mp3
-13.369462537327605	10.68216582741843	0	429.mp3
7.001865112314934	0.5492036275683083	0	692.mp3
-13.305320183956958	10.28175514115526	0	653.mp3
-9.268958696157656	8.20480636775194	0	444.mp3
-12.016773266265451	9.078682244796621	0	907.mp3
7.007435367763443	-3.152641867520123	2	811.mp3
-13.538948758886391	10.08098474530647	0	1198.mp3
-5.008844721555758	1.8827379044612325	0	829.mp3
1.3046803394686348	-0.26911536115635026	0	1206.mp3
-4.192668566220402	1.1083142711618583	0	1913.mp3
-13.539628210935582	10.176701681072503	0	885.mp3
5.4050323162587945	-1.5955450973097498	1	1452.mp3
6.485406384511907	-5.933666582993501	6	1779.mp3
6.633446544911713	0.9770763815374942	1	177.mp3
-6.772063524350156	10.656503716244732	0	650.mp3
4.993799660829379	-13.85881557256068	3	347.mp3
-13.279288688746568	10.801066275494948	0	451.mp3
-12.78676922584089	6.6605061741638405	0	169.mp3
-3.091322955039586	-2.1964851659087494	0	254.mp3
5.243629412615101	-14.2719451147537	3	413.mp3
-10.469977282259126	10.232441223406683	0	789.mp3
6.091286694124113	-0.5720862180328172	1	214.mp3
5.168140187004759	-5.975009050667481	1	1568.mp3
-0.5765324033304355	-0.42211074921675645	0	189.mp3
2.481629944026397	-8.946464994352683	3	832.mp3
-3.134781425979803	5.201521548905421	0	1103.mp3
-3.4775536135494787	-0.6075779729888978	0	196.mp3
-0.0932911514662799	6.76435194535041	0	326.mp3
-2.0579256534810892	-2.2582478791567526	0	1640.mp3
-1.3006224771664043	-1.6184322017253612	2	1706.mp3
6.506872238381775	-3.816033656248238	1	840.mp3
8.585013669240253	-5.393183742152334	1	14.mp3
5.989664932755573	-6.409216521526896	0	1698.mp3
11.266779335464042	-2.607028305576405	7	1447.mp3
5.532437168769052	-14.12148693327116	3	1617.mp3
-2.1313203469196678	-1.6310210826076759	0	844.mp3
-3.539070047369053	4.053126121411604	0	304.mp3
-7.504998387275631	6.253272540310138	0	1081.mp3
-11.798422194655753	10.944410391467475	0	585.mp3
14.45830597268539	-18.414792313542012	3	1600.mp3
-11.872913688498619	6.847613046087767	0	1396.mp3
-12.475726812051024	9.084185766168352	0	1664.mp3
-5.953371172535081	0.18499569460069332	0	524.mp3
3.9771104126525136	-7.572708879997803	4	954.mp3
-13.09510982968767	11.067503832209036	0	1898.mp3
-7.630353026008555	7.096428478719179	0	263.mp3
17.102680703813597	-10.5834734806389	1	1066.mp3
-2.621110993738827	5.782873595838499	0	581.mp3
3.6779633867187305	-9.309786904453812	4	1029.mp3
11.683144571612939	-9.362708316247689	5	1731.mp3
-4.526296489587698	-1.3471075234275953	0	293.mp3
9.309845833934993	-1.7895013566374878	4	1437.mp3
-9.704096074055665	8.469941481457722	0	1744.mp3
-9.162507948440425	10.566017938936758	0	44.mp3
-6.979794206994639	8.536426460821673	0	112.mp3
2.363665893638936	-9.675048227466378	3	614.mp3
-13.397814349050376	10.586956341224315	0	1948.mp3
-5.300527582829746	4.748223477422608	0	884.mp3
-2.926228648606521	7.461737913359723	0	1850.mp3
7.079359699670507	-8.782454286056169	3	638.mp3
-0.5352463280154582	4.451141482740201	1	302.mp3
7.8527239132880275	-4.9056967051181815	1	27.mp3
5.186238822863519	-13.825373733425232	3	482.mp3
-8.411210041611644	2.656860739076928	0	629.mp3
-13.10916861759395	10.90655469749261	0	1421.mp3
-13.64918309854028	10.234655353424605	0	133.mp3
-12.475960845491146	9.728916763777551	0	1878.mp3
-13.247817932161452	10.79345148248573	0	1435.mp3
-12.660302928884656	11.17918352278814	0	976.mp3
13.621006082971434	-4.320377926703607	1	859.mp3
9.690262794169328	-12.866275920896149	3	350.mp3
6.57623946238425	-0.9246239975474276	1	855.mp3
-5.79051505511351	5.13780918402249	0	621.mp3
9.55505358445217	-3.7537615768053394	2	1114.mp3
-10.678268587848095	9.404173956195228	0	1842.mp3
5.515017917938026	-3.923762786261445	1	332.mp3
-2.021453680994795	-5.008873069591211	4	1955.mp3
6.273476843802174	-2.7762182293447215	1	290.mp3
-13.594063031684538	9.85369932097275	0	726.mp3
6.198644660042879	-2.7158674850792752	7	1726.mp3
2.6819721469715696	-4.496768798913788	0	1715.mp3
-13.349124876370741	10.731451425869441	0	567.mp3
-13.32970883216007	10.193492870073282	0	901.mp3
6.653085847247298	-7.548906590391278	4	257.mp3
4.195300525949279	4.154556865206759	1	4.mp3
-12.672413194512997	10.903445785472776	0	613.mp3
6.174796809699727	-1.7660229775533367	1	1985.mp3
-12.072499576359206	10.32936057360064	0	1676.mp3
-13.42409068378182	8.198302221321882	0	466.mp3
-9.252280247966475	9.975559927378157	0	361.mp3
-3.467353985415429	6.59216095788378	0	824.mp3
3.387619479846442	-0.3961108427999304	1	1328.mp3
5.219151003125552	-5.564696112781908	2	788.mp3
-12.228929099690864	11.075299695157877	0	548.mp3
14.054411527552862	-16.1586187862869	3	1641.mp3
14.302364296803903	-11.86554737248874	3	366.mp3
4.269757262342368	-1.4144913604880551	2	1782.mp3
-12.165901425818822	11.316950879407482	0	543.mp3
11.834299965888778	-6.894635886885724	4	608.mp3
-11.735715774304929	10.310403915692309	0	1469.mp3
9.402684638001649	-14.45083040374254	3	57.mp3
-6.946860629454086	10.533623388328012	0	577.mp3
-10.392537590810605	11.771944172528414	0	761.mp3
4.7615289157015175	-3.6853977563290354	2	642.mp3
-11.21620694154168	6.58649604234208	0	1544.mp3
-7.25666803284848	9.748671003476037	0	203.mp3
13.293598710471937	-10.568810279826337	4	695.mp3
16.310668347623345	-16.81921786703831	3	957.mp3
-8.555894080680966	3.4257847462952213	0	1230.mp3
6.67561243375027	-5.273749798348651	1	752.mp3
-1.3464722535739775	-0.4054924734535129	0	335.mp3
-7.185465284263102	8.574568328327056	0	928.mp3
2.633336081216329	-3.3339214371778834	0	20.mp3
-9.591836246243414	8.554643310551361	0	1890.mp3
6.709521643980594	-10.783512982785368	3	735.mp3
13.432712773510358	-2.9186389157530863	1	1863.mp3
15.046369430004624	-13.089236410971845	6	1423.mp3
12.386583881210544	-12.237471659899473	3	150.mp3
16.428019362781495	-8.898862228064251	1	1459.mp3
8.813749745673189	-3.8654146479712495	7	417.mp3
13.901272240926078	-10.513783106898986	4	83.mp3
12.930796186399133	-16.779075350133883	3	1682.mp3
12.296878074704734	-17.90880877160503	3	602.mp3
-6.281097488944047	-1.6044869132847523	2	1460.mp3
8.862249243472633	-13.368614853983408	3	1643.mp3
-6.7566959380253575	9.4644052753441	0	481.mp3
-11.985969367458644	9.363812331678451	0	1137.mp3
11.324400639679599	-13.638141185860851	3	1414.mp3
2.9667560569636726	-10.660535796974509	3	240.mp3
11.700558947112675	-8.582074290986004	6	1030.mp3
4.955649872126846	-1.945959241168974	1	1541.mp3
8.64087028206219	-4.8421375988105755	1	1341.mp3
-3.704327606662059	-0.14442497639986338	0	845.mp3
-7.099094648714451	9.171557135417322	0	1069.mp3
-12.90109611475119	10.779808913795051	0	353.mp3
-2.148395939222969	-3.266588000902198	0	24.mp3
-12.70370410816664	10.930165731195794	0	746.mp3
1.252213828358993	-10.769608679942483	3	701.mp3
6.3466121105155295	-8.8400936288428	6	891.mp3
-5.211367925932622	3.165053403889755	0	686.mp3
-11.24472161919984	6.129504114625572	0	134.mp3
-13.32107124873494	9.973660636543997	0	834.mp3
0.9760916849937746	-7.531577687424139	4	1906.mp3
3.1994476469198903	1.828220266800958	1	226.mp3
-12.753834264729973	7.088562295834383	0	1653.mp3
-0.7567828829192863	-3.343450020773086	0	231.mp3
3.6806658145429645	4.9246718128047755	0	497.mp3
9.00414660997686	-1.9840193377578788	1	531.mp3
-13.012839859398836	9.991174046277953	0	1436.mp3
-13.379181309530878	9.7425224215825	0	248.mp3
1.3178327007311115	1.2898365784647876	0	847.mp3
7.471863449302674	-1.9631038917438182	1	1409.mp3
5.2174085853495935	-6.410371224968134	6	1318.mp3
-7.598223500263454	10.349012955268929	0	759.mp3
-13.455949196163838	10.514090150531816	0	1165.mp3
2.9562870059989184	-2.1564169137233997	2	1253.mp3
11.477563494525297	-3.3828263827791463	3	852.mp3
16.319689712915885	-9.08235148191888	3	986.mp3
6.3153605281036365	-7.565869867222733	5	1004.mp3
-11.216895048929086	9.764793639996183	0	822.mp3
6.1695747000987335	-2.68514022526207	1	273.mp3
3.3899817114460844	-5.639728226304182	5	1901.mp3
2.155804171790156	-1.9763005424580589	0	314.mp3
8.907101704836336	-0.8808795518792396	1	1333.mp3
3.1677645698869568	-0.21747195047240817	2	35.mp3
-11.754721930113254	7.163751436618987	0	437.mp3
2.7789651977049905	-6.321690899549033	3	1037.mp3
-7.002419399184086	8.308581417524744	0	414.mp3
10.020795548847255	-5.51760923625711	6	1542.mp3
7.702449659156822	-5.309677938169699	7	856.mp3
13.105708803064308	-17.741894297893538	3	619.mp3
4.515232848042704	4.3702944261988215	4	245.mp3
-7.241192801636035	10.658051368412304	0	1131.mp3
6.1467877016875505	-4.1256650664565635	9	1892.mp3
3.3924686195479885	0.4357714549912236	1	174.mp3
6.360933239564878	-12.615594024808322	3	1434.mp3
2.675924288926522	-1.558608674696194	2	915.mp3
-12.848163080222573	8.676746542992568	0	1616.mp3
-13.044889120687035	10.863905741121796	0	1923.mp3
3.863145468027771	-9.14771913973689	3	991.mp3
-3.874646108004499	3.753701953042929	0	941.mp3
9.632674558199954	-3.9761414925648637	2	32.mp3
-0.06130351532436007	0.4506727484722552	0	495.mp3
-0.05427057318203088	0.25050973905819957	0	900.mp3
11.073852053696632	-5.3902056234431255	6	1152.mp3
-3.2785233875128057	-3.6405517934711558	4	360.mp3
6.636772894170369	-5.467658657573711	0	825.mp3
14.784043109293675	-12.925961413184673	4	1691.mp3
7.84875670014516	-2.2211362318377788	1	1402.mp3
-0.8698603989547125	-3.9383434522874645	0	1858.mp3
9.707033789557782	-5.2513797212953595	6	1540.mp3
-13.161642376356038	8.876395103197623	0	878.mp3
3.698047992016294	-1.128479438400766	0	807.mp3
-13.224508702653393	10.861239220845789	0	1869.mp3
-11.837653171864174	11.254326728444195	0	115.mp3
0.3174721109044	2.679889270823478	0	412.mp3
6.583926481106796	-0.847308227365196	0	1031.mp3
-0.12044898786466629	0.28392004236288587	0	491.mp3
-5.860202842073232	-0.28138773112415927	0	1760.mp3
1.822090188825846	-3.9988635624428217	4	271.mp3
9.985233852657412	-2.174823071208033	5	31.mp3
4.392067391208737	2.8352470461657524	0	1519.mp3
-5.060938907286964	-2.7137050987121056	0	1689.mp3
5.040962465956679	-4.693870187521868	2	783.mp3
3.0099716972759936	-0.8166655954673697	1	739.mp3
15.635734049108132	-10.559961729606869	4	380.mp3
-4.817179337772345	1.9450839079135898	0	81.mp3
1.464282665334136	-2.017858471817252	7	784.mp3
2.1212623367666232	-8.554782160241295	4	1248.mp3
-2.129790345313642	4.30577692062705	0	181.mp3
19.421982621708487	-11.529252308692406	1	1080.mp3
-6.665508721558011	3.46522418161454	0	29.mp3
5.286851412085226	-10.308033567897546	3	916.mp3
-2.2202148111769606	1.9108669708362995	0	736.mp3
-1.0966790560652064	1.837271033059551	0	993.mp3
2.1339939944184105	-4.398037418857055	0	1310.mp3
10.88360676909108	-4.309377316373081	1	1530.mp3
4.374206009958232	-5.749697930108662	6	329.mp3
16.06629843814889	-11.01190314057091	1	710.mp3
4.495507233766409	-4.490836382284775	0	1684.mp3
9.101343159993188	0.14496316390125297	2	1140.mp3
5.356248472223222	0.3851777968989504	1	944.mp3
-1.9646749051396406	-2.838722247071554	0	909.mp3
3.7468732968736522	-2.82735954709222	0	1337.mp3
2.2549585405210752	-0.5817138062844438	0	1947.mp3
-13.37632888664322	10.631730971128958	0	218.mp3
-5.659994204272733	10.395355295912577	0	1245.mp3
8.26043769772706	-6.5514688811182875	6	1835.mp3
-12.880823458092879	10.829255656700541	0	747.mp3
-3.3984932270811745	3.978446308607097	0	374.mp3
13.045613250110318	-3.5294664305628802	1	90.mp3
4.129387461670166	-12.33037627094884	4	1504.mp3
7.466071935525505	-8.546679092599344	3	678.mp3
2.11361956609716	-0.16645603355020547	1	1065.mp3
-9.669433894720498	10.090276086246245	0	1736.mp3
6.408372122768513	2.269066804255979	4	1482.mp3
4.014015315371765	-1.9236650640439914	1	1186.mp3
-5.065393276753747	8.020754536350758	0	1764.mp3
-10.81089238200879	9.824331735752407	0	345.mp3
-9.904848263832413	9.743660678727712	0	1633.mp3
14.229255652166444	-10.399927531757138	4	776.mp3
11.112750814996119	-3.61075459060088	1	432.mp3
8.07323658585092	-2.8918239280161155	3	1097.mp3
15.830407608527683	-10.589278333877337	6	1820.mp3
-12.586994325131132	11.118536298696242	0	1382.mp3
6.2245361778916815	-4.737481164736314	0	77.mp3
8.21913617387837	-4.539302733093534	1	1138.mp3
7.313490606875088	-3.2864611949462255	1	1372.mp3
-12.368900535674868	9.254918245382756	0	362.mp3
1.0224401819296371	-0.5091830461171705	2	1834.mp3
1.7343440939408337	1.513649453544919	0	1068.mp3
11.237057901026569	-3.034838731981484	6	703.mp3
6.627640603092358	2.2833059625592376	3	1551.mp3
5.100252620056095	-1.0142100552408984	2	235.mp3
12.826220859589744	-14.185834000222881	3	1816.mp3
-13.180143359284585	10.802855083767808	0	1873.mp3
4.147249073974908	3.0996611221867565	0	1594.mp3
-7.034690963455914	10.39870306822012	0	376.mp3
-10.302953822787472	10.361366082666654	0	1646.mp3
5.354115571712508	-3.4130368996533362	4	341.mp3
1.5819390016698665	-2.3244699622601637	0	1748.mp3
14.309349248377652	-10.81390476244236	6	1514.mp3
7.04857400653023	-2.2557324382820294	1	1143.mp3
-7.375283659297354	9.49153195913471	0	972.mp3
-5.109249690614288	9.303574204619032	0	1387.mp3
-6.882131146731015	9.137735712613585	0	511.mp3
5.92773520114253	-4.998547174223838	4	1705.mp3
9.027577361206836	-3.690465808073871	1	1740.mp3
10.018050686461645	-7.033662440560325	6	1934.mp3
4.0958915688952215	-6.648468812451782	6	188.mp3
10.417778039892987	-3.017097325394655	1	18.mp3
-13.227086497074884	10.919216103683178	0	152.mp3
-0.40158914545880703	0.45623495512917517	2	1293.mp3
11.414464337996868	-11.642589732407796	6	1509.mp3
-12.713214137403845	10.659576299974193	0	666.mp3
-13.473747012173204	10.262573661279982	0	865.mp3
10.005706320505316	-5.005487462735806	6	1959.mp3
-12.74392107630469	10.94139630933689	0	992.mp3
7.748195820128655	-3.250176435334138	7	1531.mp3
-11.44395647991807	11.305657744527574	0	60.mp3
-12.151072563839245	11.142721713195447	0	1034.mp3
0.8426846834072936	-9.80726475842949	3	712.mp3
-10.046825492808773	10.691810149064908	0	626.mp3
12.223579198375528	-8.12075790806912	1	1648.mp3
-12.557991838775882	9.699761621976249	0	660.mp3
3.525359403712435	-9.896260393749117	4	1047.mp3
9.112513602061762	-6.889759157583871	7	1207.mp3
4.384636429161896	-6.438247363554982	5	541.mp3
-13.517514115045286	10.411262749374126	0	1319.mp3
-8.489254617556982	7.748395968548764	0	385.mp3
-13.258379121056027	10.794243738483148	0	3.mp3
-0.1715736926114661	-1.9223139187599603	0	126.mp3
-1.867441610062219	2.3474411817120386	2	1554.mp3
-5.928939574978211	7.946027861184654	0	816.mp3
3.95398075001558	-3.073936315601381	1	419.mp3
8.855764986489836	-4.680090428846517	2	912.mp3
10.330183229650324	-16.203870652686422	3	1559.mp3
7.09860659397804	-4.148257601415669	2	61.mp3
-12.74272054215026	9.530733015028101	0	1801.mp3
1.7959358332023478	-3.4411914044113674	0	1674.mp3
5.210226760613065	0.54837934321605	6	1299.mp3
-4.6861118138971145	3.543121129829281	0	1867.mp3
7.104564133852213	-2.00445508111891	2	1846.mp3
-1.1712863573986243	-5.002579153094856	0	110.mp3
15.799992339579003	-17.452477470471464	3	377.mp3
10.57554861164115	-15.393739278140457	3	1260.mp3
1.4589097665936017	1.3710830537387202	2	1675.mp3
-8.504992827394613	9.247206253873783	0	966.mp3
6.1190441614886	-9.861760670240965	4	164.mp3
0.8461192146012176	-1.067910177237995	7	561.mp3
5.576817124756385	1.3717550933780858	0	1989.mp3
0.4685749852750204	-1.767925430792489	0	858.mp3
-2.787510363714429	8.70729916584644	0	1457.mp3
2.6011405293864716	3.9608086453405553	1	274.mp3
-12.923885599365525	11.214163685508169	0	1045.mp3
-7.07217550392927	3.0783871984332287	0	1062.mp3
-4.702814903318916	2.95489228004861	0	1533.mp3
-11.963594564939166	10.684144292885408	0	1160.mp3
4.02015376107026	-7.338037905798108	0	149.mp3
9.901236479835891	-3.5914709707029653	1	545.mp3
-5.931771191115759	-2.661475785886209	0	294.mp3
14.797921042139919	-12.82169224296548	6	877.mp3
14.793713500111282	-15.654206589682113	3	727.mp3
-12.616120782832855	8.972361707040331	0	1681.mp3
16.99458129903723	-8.186846969677498	1	1064.mp3
4.042020761787952	-6.1170919504265715	6	1203.mp3
-9.76191842817733	6.924234087591561	0	1911.mp3
8.4368017405878	-3.742938939938831	1	1927.mp3
4.976092586527478	-4.696018132637723	0	1893.mp3
10.414211531709118	-4.082072194429132	2	883.mp3
-11.061467598507381	11.64357761985487	0	544.mp3
-12.061825471867222	7.388394892651543	0	1823.mp3
8.11161903631839	0.6483256044839328	6	1444.mp3
9.964651158104092	-8.187782155683541	6	637.mp3
8.440241060709408	-4.021726237536569	2	965.mp3
6.619456836745546	-0.3975530788052484	1	1606.mp3
-2.6225543012931984	-1.0788263927485457	0	1555.mp3
-12.292832693211228	10.035643856452927	0	722.mp3
-8.911806138494544	9.261123346998943	0	22.mp3
-0.9140657752876993	-1.4606769633103263	0	501.mp3
-2.834418466392496	1.8968871814231907	0	224.mp3
4.839995990978345	-10.964053676002836	5	632.mp3
9.961975981199044	-15.672687791786352	3	702.mp3
2.106324366669492	1.867533857004499	7	525.mp3
-12.489028356765521	11.031911620984479	0	745.mp3
-1.812178093090222	2.4418433149906953	0	147.mp3
10.94936071292663	-3.023828624845915	1	1767.mp3
3.5599274785321517	-4.2797528253241	7	447.mp3
7.3021546427841	-4.798712376012931	2	1558.mp3
6.509673308448876	-1.8120287787699358	2	82.mp3
1.4505355516757663	-1.7816878529987425	0	1759.mp3
11.552501586885876	-14.768111113604169	3	1010.mp3
14.23110223031209	-5.817771798882707	1	1079.mp3
11.968437299239897	-5.520940101561442	1	1164.mp3
-2.6979634486726227	1.7946895669680683	0	144.mp3
7.573759290484683	-5.093516517623802	0	1046.mp3
-6.186356996293882	7.511974020252055	0	523.mp3
-11.01074843959739	10.477117708396838	0	764.mp3
3.2058732579558464	-6.388533696860861	3	1510.mp3
9.514601557041612	1.907456487413473	3	1006.mp3
-12.844283177362469	11.326193199487365	0	280.mp3
10.273113904670454	-14.330518097516611	3	587.mp3
-9.394740996354393	10.837496677626826	0	1904.mp3
-11.642150890416724	11.64031720571002	0	1795.mp3
8.098833345686643	-2.3980011137429065	2	843.mp3
11.022701064145322	-12.76557367401469	3	199.mp3
12.387737355634426	-8.641581941278458	6	1814.mp3
4.556048159355634	-0.6897915644778937	0	1307.mp3
-13.046667636131275	11.067627521879759	0	987.mp3
-11.99688060094402	10.74071257874504	0	243.mp3
-1.0071774846647867	1.7222495338469772	0	715.mp3
-12.667381143648097	8.90998562084104	0	249.mp3
2.0822780829278047	-3.638919938472801	0	1450.mp3
-8.043269659467738	7.428209046195349	0	391.mp3
-13.748829997701801	9.827957598055745	0	1730.mp3
8.75398122177589	-0.7402730813605228	4	1916.mp3
-9.72702930982668	10.341869438514408	0	535.mp3
-1.5078940788699	-3.9748801164374763	6	1717.mp3
2.003698427596618	-6.4326620967870864	4	1221.mp3
-12.81170360617141	10.05198094312029	0	791.mp3
-9.817623452927547	8.200372999100644	0	1373.mp3
-7.777196830623754	9.235055896684338	0	1976.mp3
6.162714554791094	-10.040862418212406	0	295.mp3
-12.4095388114352	10.058609352903058	0	1930.mp3
10.538105627772934	-15.554181327839498	3	52.mp3
3.8107459270146364	2.5895074648432916	1	125.mp3
0.4278751293202093	-6.257002590446268	3	1271.mp3
8.114320087237193	-14.604136073152667	3	769.mp3
-6.374825713647586	-1.8587478657707903	0	1672.mp3
10.746706795933575	-1.6602771398190965	1	1990.mp3
3.93847641978506	1.3917549405840468	7	1314.mp3
4.217830174495402	-3.5852433904580274	2	33.mp3
-7.355491219261972	6.853413330395932	0	893.mp3
-8.461699845154435	1.8242147257619423	0	430.mp3
8.525067369169223	-4.188150593230436	2	775.mp3
-8.756590949747421	4.9857880973564	0	1507.mp3
0.3784651030959252	-9.521034268086773	3	297.mp3
1.7995549392667647	1.7219782882435384	1	1700.mp3
10.248884741990903	-10.104718605966923	3	1418.mp3
1.7374995737024452	-6.850754026800791	3	238.mp3
-3.8426891217603814	3.5210978498093324	7	786.mp3
7.048833189290344	-4.095503339573099	2	204.mp3
-2.4172546659662797	4.637874783424297	0	198.mp3
0.5147127749953707	-4.384365019135676	6	184.mp3
1.4305963329015858	3.2265011074956655	0	1119.mp3
-9.894610042164773	5.922414254014024	0	1170.mp3
-6.219375412621457	3.264966953416611	0	153.mp3
-12.578006468449631	9.330018171464717	0	1723.mp3
-1.2964525201992354	0.6302964909570148	0	1362.mp3
-13.84587433892542	8.877830133427556	0	1621.mp3
-1.3846180888230373	-5.409107002207552	4	1398.mp3
-10.190542297092762	10.73390782529607	0	1938.mp3
12.150151216301863	-6.9805801701417565	6	1063.mp3
3.1016232137105435	-2.8623664768572397	6	266.mp3
-3.550938566833953	9.249354273438808	0	573.mp3
-11.634686638773175	4.992910591356708	0	348.mp3
-12.900561078349849	7.1244173371432575	0	683.mp3
4.331783422982254	-12.058774884112426	3	1189.mp3
13.649099745286259	-5.882634900590421	4	108.mp3
-3.228888089980423	-4.368356644483212	3	435.mp3
12.391079290038945	-3.724405918584945	4	1770.mp3
-12.854719573414261	11.03083739329485	0	857.mp3
12.153348215156708	-4.918551380694954	2	801.mp3
10.004259260022188	-11.985718416693546	3	733.mp3
-1.0500277781304017	-8.591747823427829	3	611.mp3
-13.552617563596355	10.37938277979445	0	43.mp3
-11.67052830217726	7.904559311703005	0	1500.mp3
10.031113731241033	-14.757147668596915	3	1939.mp3
-13.320251994025357	10.79787571827048	0	1290.mp3
7.275512924104851	2.47293112453621	3	1303.mp3
-13.217179984767288	9.891281317433938	0	36.mp3
-13.679233405703284	9.612735506217298	0	931.mp3
13.801313499828925	-7.200299097906258	1	1755.mp3
-13.259477922967791	10.774365453830733	0	1585.mp3
-10.956478262857107	10.12488888039239	0	1191.mp3
-9.698825779898563	4.421410915316248	0	1441.mp3
4.5166896878332015	-12.1869974986637	3	1780.mp3
-11.104052199979325	10.634709994129008	0	1430.mp3
12.137361734835537	-10.538364277647794	6	1707.mp3
7.0821834967782005	-9.449715732635088	4	575.mp3
5.225214182078985	-9.438644269679365	3	932.mp3
-7.2262908586570145	0.7496966601196278	0	1225.mp3
2.839423119756264	-8.150962354872126	4	867.mp3
2.929517337984907	1.7457716640316951	1	1583.mp3
-10.727651780742743	10.99279125814221	0	1419.mp3
8.71454664993098	-14.749023171309119	3	107.mp3
-13.087506998423757	10.8138844151138	0	1109.mp3
2.715487626100155	-1.8441840764329758	1	500.mp3
3.7765306453687506	-1.979591817699552	7	1301.mp3
-3.8678334439640873	-2.7070426374846583	0	42.mp3
13.337450305385078	-7.149374805448255	1	343.mp3
18.651859036707023	-15.569661802830868	6	1548.mp3
-13.077046861887407	11.031503097604665	0	542.mp3
-10.675985702228086	5.394634430031415	0	130.mp3
10.655133778128196	-16.551078071359058	3	1399.mp3
6.500904979392072	4.344344453635559	3	356.mp3
-13.117313566532548	10.319863786332167	0	1490.mp3
-7.543396043633012	10.884056024229201	0	6.mp3
-12.833240556538218	11.309570038926191	0	309.mp3
-13.668030927849317	10.25087657715535	0	1887.mp3
-1.546660461260475	-0.4199843138205298	0	898.mp3
-10.409972839421133	10.009301607126066	0	1766.mp3
11.18266947354799	-13.805744497085817	3	62.mp3
1.1455158474091782	4.555345352467385	0	1860.mp3
9.668526075176027	-4.419313923045406	3	73.mp3
-2.324717032264424	2.7130497778633593	0	461.mp3
-6.414368120932767	4.491263771794482	0	1167.mp3
-12.348014852857979	10.59386319798453	0	1746.mp3
2.3525497734505074	-3.223064800040707	6	358.mp3
-13.3891796408449	8.66410960088013	0	1407.mp3
2.7252396161387775	3.138909969085098	0	1327.mp3
-10.493159472825274	8.232551595473172	0	51.mp3
-2.1880357546790545	3.8511500054230146	0	182.mp3
-12.315100379249044	10.85483247998455	0	1565.mp3
4.702386218488513	-3.131504768455007	0	441.mp3
13.923258940871039	-7.475777948390785	6	1604.mp3
9.837162230495471	-3.4093108169974915	1	734.mp3
2.521548543038401	-2.0927512208663277	0	99.mp3
6.09602126773839	-3.516651209174364	1	1281.mp3
-3.7918076552204454	-1.8194991820506055	0	409.mp3
6.834781405543159	-8.831725891910445	5	804.mp3
4.584117038059832	-12.336516070095815	3	197.mp3
12.210973006089857	-6.051074316867924	1	477.mp3
0.15050943610070103	-2.9165654283995113	0	1538.mp3
-7.98241695702139	9.89097019680627	0	403.mp3
2.7781901229753823	-3.064780351505212	0	868.mp3
-7.917368197761677	6.387670252734924	0	1577.mp3
-2.9661472929298727	1.5856721451831142	0	1517.mp3
5.85508723768643	-5.25016992167286	2	496.mp3
3.6983481896497215	1.0271207578112165	1	1345.mp3
3.440531580095809	4.818075236156137	3	92.mp3
15.238523303988762	-6.300564897859842	1	1787.mp3
0.030263433273601915	0.9721966521665939	0	919.mp3
6.34914812839507	-6.869680721510478	6	1571.mp3
14.38652367986683	-9.574734240484988	3	903.mp3
2.408622115516667	5.483945167093385	0	474.mp3
-13.308853265732422	9.51334760743317	0	1847.mp3
-7.744486413177728	9.963081120090926	0	1028.mp3
14.765280254352803	-15.15745861681226	3	838.mp3
3.5724671521078237	0.17540251779934787	1	94.mp3
11.256612332254022	-3.1201712890949076	1	1763.mp3
8.44201045578704	-7.871236493887849	5	1236.mp3
-1.9210518783655852	1.4493480381698813	0	303.mp3
-13.136193372426497	10.98218970785193	0	849.mp3
7.02847398862867	-3.3395815605536754	2	327.mp3
-13.402695251387518	9.361928989767975	0	1429.mp3
0.6121852769942641	0.9308038793356954	0	800.mp3
3.3861165086315936	-1.847236353057966	1	1483.mp3
6.07203691520129	-9.903331330017666	5	905.mp3
0.7485665615981318	-0.7182341036804907	0	1050.mp3
9.413093130537153	-10.257910454363392	6	424.mp3
-10.319335416910603	9.298447696213024	0	1256.mp3
-11.62837682204272	10.874348546941219	0	777.mp3
-6.652089307934958	2.780313973991385	0	136.mp3
-6.325941311925645	6.6776366021757205	0	1774.mp3
5.016482766236783	-5.239823566761965	10	830.mp3
11.759205369370044	-5.285603566535112	6	1113.mp3
-0.9080633195437222	5.469571434488287	1	93.mp3
17.67766695479569	-9.841894707342194	1	270.mp3
4.548673623433712	-8.972145103020692	3	793.mp3
-13.22218717954389	10.815202816745328	0	1750.mp3
10.57315384728945	-2.1555690960790623	1	1929.mp3
-6.567427371017366	3.6883508625726145	0	1505.mp3
-0.03141883958414775	-3.0336401402308644	0	1269.mp3
2.468917679672189	-1.4007242303986251	0	221.mp3
0.730967526939233	-0.12256530681180573	0	264.mp3
-7.553262002192472	9.365132296129065	0	216.mp3
-13.051473840519238	9.688446426502752	0	1210.mp3
-4.983084083962352	7.527498031777719	0	1135.mp3
-9.582557946941762	3.8270863033509435	0	468.mp3
1.8458565060865093	-2.5926185410176212	0	1972.mp3
5.247816543945149	-4.08372027266358	7	1040.mp3
5.848084608316219	-0.31133592712846075	1	1943.mp3
-9.961682946093477	7.477012284148207	0	166.mp3
-13.28176431131191	10.778614308025325	0	28.mp3
6.64439239370188	-5.8260165787608695	10	1900.mp3
-1.4094039414533992	1.3050109965252337	0	806.mp3
-12.530655945742145	10.508796784784597	0	819.mp3
2.240866308454454	1.9013401963810872	1	670.mp3
10.792604310481616	-1.8666597778946523	1	365.mp3
17.51714751247201	-16.969800685650956	3	1627.mp3
-1.9072206030670433	5.481322068802828	0	1394.mp3
-9.401256672082019	8.443055600260617	0	1864.mp3
-12.812106702659932	10.639942013396691	0	741.mp3
-12.51617231699385	10.737119684561565	0	1914.mp3
-0.7210844904664456	3.208766557330218	0	268.mp3
-5.508979435360662	6.500880033075277	0	190.mp3
-13.346798644946764	10.617153074342127	0	381.mp3
-12.074611720313676	8.262296291755366	0	787.mp3
-4.271563054351502	-1.8171810528935926	0	1194.mp3
-7.025837549826386	-0.023277673200929647	4	1563.mp3
-12.697493467781777	11.309808513135883	0	1188.mp3
1.2485136618507073	-4.313938434259301	0	312.mp3
-6.86270031126579	10.938647585414882	0	1625.mp3
-4.609330716901221	9.407188560961083	0	1417.mp3
14.478986701374263	-17.00038635352537	3	515.mp3
6.464769669108869	-13.830342690167674	3	731.mp3
-12.981470073843573	10.782215137895049	0	484.mp3
4.03355662604361	2.9615258923457843	1	925.mp3
4.851406042182938	-4.276235529018251	7	953.mp3
-6.2125260985743385	9.075393749435946	0	260.mp3
-11.962438140805824	10.835790316098278	0	142.mp3
1.0822240143649822	4.126244922887458	0	1470.mp3
0.49242153640260095	-7.074044642523526	0	1576.mp3
-12.49914393403298	10.445210339206346	0	1384.mp3
-1.7684323353200437	7.73043381012914	0	641.mp3
6.743536161422588	0.05752822830353273	1	1598.mp3
-12.762564689192494	11.277155694597973	0	1728.mp3
-13.261350554961764	10.719244207611938	0	1438.mp3
0.1036963421133944	-0.16885751762779425	0	1224.mp3
9.275693889498092	-2.516575876352656	1	285.mp3
3.1485912109888017	-7.158433770774206	0	357.mp3
5.83670891584585	-14.099453880727584	3	325.mp3
12.178365854811808	-10.653759730228508	3	116.mp3
-6.793312399635485	4.540590267736469	0	980.mp3
8.05151183967548	-7.185735699852263	0	1880.mp3
16.040181494365047	-6.6127951377155725	1	1686.mp3
15.239457749268793	-8.860011954289659	3	1464.mp3
-9.537975606049995	8.587569227370286	0	1660.mp3
7.441133153747621	-8.563056834416718	6	234.mp3
-13.31926124445178	10.318543103836861	0	718.mp3
9.597241636110748	-4.12274288645919	1	1082.mp3
1.1267679003538247	1.9886684563885508	0	128.mp3
-7.176358652288662	6.760211172950591	0	1174.mp3
3.5307683209206426	-6.157829707202782	6	1960.mp3
-3.1874176721459784	-1.9581187794616197	0	854.mp3
2.2581439619477943	-6.165922592067073	5	1597.mp3
0.16546239160455922	-0.9275002187050173	0	975.mp3
-13.058860220650528	10.134833629811132	0	1233.mp3
-13.055203543171089	9.950542592255992	0	1216.mp3
5.151210792354997	-12.722163978546412	4	1494.mp3
-5.770709947183647	2.524166970282399	0	1580.mp3
12.769469852275625	-5.374671810766733	1	1298.mp3
5.417516493311377	-2.7156927965217816	6	132.mp3
-11.53315274310737	10.134454581859906	0	1412.mp3
-4.281747262188513	0.7707065874838289	0	178.mp3
-3.866182836770497	8.552401062066448	0	520.mp3
14.490613576208183	-4.127702611362941	1	1240.mp3
-4.971773684489367	8.262919758642344	0	817.mp3
3.9545715320791905	-8.839170374766873	4	1324.mp3
-13.342179264468044	10.232267944319032	0	160.mp3
13.885296240711247	-4.398021187208297	1	1553.mp3
9.773884969874539	-7.520172646520225	6	1087.mp3
3.73815022179927	-2.6193731661941517	1	1905.mp3
14.486143755144985	-9.159821601162577	4	1663.mp3
8.904805212989556	-5.475460431599216	1	256.mp3
11.88387235532456	-5.824243218585269	1	288.mp3
3.8057082936185713	3.218262243619985	4	836.mp3
-0.025696326391826205	3.2796255247402972	0	1777.mp3
-8.19720166469261	3.443949217335024	0	505.mp3
2.129878384535033	-0.21655254254201622	1	1311.mp3
-8.077358273494125	5.1465320858255446	0	1670.mp3
10.819944154383439	-15.66322475223995	3	1118.mp3
-11.687789439580097	9.72753188390629	0	185.mp3
10.428176568434353	-9.705955801302531	3	1322.mp3
6.020474164063044	-3.320392749638836	1	1771.mp3
1.0274272734078458	-0.7298079934201733	0	634.mp3
-8.886295217418972	7.317972190002585	0	1789.mp3
-12.928976019757233	9.458877123319827	0	540.mp3
-0.6568773129728056	3.462887815685618	0	1185.mp3
-5.934327634314681	1.6141565465646095	0	313.mp3
-13.142541632691653	9.981966167952653	0	886.mp3
6.381163974469331	-0.742018361512921	1	124.mp3
-5.901985119867393	1.3540521965560122	0	1515.mp3
2.9174548291345266	-7.318276310442104	0	1404.mp3
-8.891198167431131	8.62865245497172	0	1057.mp3
3.72778843774954	-10.700860757351291	3	620.mp3
0.13338428662310212	1.7057818660225923	1	1297.mp3
-1.5615876474091421	0.3109844618490849	0	652.mp3
-5.406074010746898	-2.527996725876101	3	1872.mp3
1.0335626361861208	-2.8668557985579444	0	568.mp3
-3.8607568730366024	-2.631023666448353	0	89.mp3
5.32125107438029	-10.349888369742274	4	894.mp3
-11.334202046575715	7.987034854619063	0	998.mp3
10.194995955228274	-13.116141327650608	3	645.mp3
3.863349398064495	-5.3434650303539675	0	555.mp3
0.21392680759286237	0.3937718709356264	7	772.mp3
-0.7915997508377106	1.770218577663886	0	1142.mp3
11.998672342562694	-16.964232321791627	3	1465.mp3
3.6864680271335444	-8.228906329959463	5	480.mp3
3.0374741464931665	-2.946419317684879	0	1285.mp3
16.129800778505146	-9.808759723750208	6	1445.mp3
9.052660198303885	-15.734625269651778	3	265.mp3
0.9371419484952226	3.5608729960293664	1	677.mp3
-13.283768321015867	10.80208815741956	0	1734.mp3
-5.436186293237711	7.363651047002135	0	1495.mp3
8.615492769811057	-4.595166828215466	2	1570.mp3
-2.3720353761662376	-3.7870393265691233	3	1919.mp3
10.824606288110092	-11.864127521182542	3	1083.mp3
5.666344609898351	-8.261427742676373	5	1021.mp3
6.665578253254915	-1.282142751136239	1	1889.mp3
12.081473144310733	-6.125078312086486	4	1951.mp3
-13.600426405151739	10.165359744461675	0	700.mp3
-13.288392520356217	10.79886061483697	0	682.mp3
-2.2037687972279265	4.014233122889412	1	382.mp3
-12.137813647769189	10.478266817792827	0	1229.mp3
8.585056931577068	-1.0286370107373097	1	1054.mp3
-9.388642151271936	10.26794761314401	0	1391.mp3
-13.365703945416247	10.529073052880682	0	716.mp3
0.9424672311903841	0.08707950819002629	0	1377.mp3
4.766490511067762	1.7656430313832292	1	654.mp3
1.7074432546542753	3.3521531294065188	5	97.mp3
8.967252059793978	-8.254435463869346	3	1265.mp3
-2.8087969750724726	6.160636940813559	0	1662.mp3
1.6828354239608312	1.536085837690566	0	209.mp3
6.214010161513185	-1.616166966487076	1	349.mp3
7.210090221491179	-5.177303509413838	2	69.mp3
10.321055794231295	-8.323856063158496	6	1369.mp3
-5.727378410021711	7.550390553442137	0	1977.mp3
-3.5978963177331575	0.476134266112663	0	1692.mp3
4.165428492819235	-2.46734663910434	2	1334.mp3
-1.4919369437787742	3.5463200455057318	0	1130.mp3
-3.3509339823167568	2.7473912071061215	0	1360.mp3
2.0882783592372154	5.5716370519053475	4	1498.mp3
7.106161950080367	2.1531202757503562	3	773.mp3
7.702059618867337	-5.7426076750969814	1	207.mp3
8.803072380001849	-3.218136451361304	1	1773.mp3
-7.939779335970756	2.603048312438807	0	1588.mp3
-13.269406230307219	10.802747238152708	0	1231.mp3
-7.253461308969597	-0.6679425521652381	0	95.mp3
-12.9719678949584	10.228265697225527	0	494.mp3
-13.258151773202613	10.831375839354607	0	1484.mp3
9.093382379462923	-5.629322203037232	2	1095.mp3
3.1774257927331653	3.0586419030463947	0	1331.mp3
-11.238947464281539	12.18000195409051	0	373.mp3
-7.802513324890856	5.814179247045481	0	780.mp3
3.961195885084548	-1.5938065142669575	0	1001.mp3
3.8803161109284807	-0.8837201959132995	2	1227.mp3
-13.219785198609838	10.864846687937645	0	421.mp3
4.833536414463121	0.03780453312754419	2	1108.mp3
8.20278812655067	-3.8192069663423647	1	428.mp3
-11.509521054111513	10.749523875900115	0	961.mp3
-0.9667280232477513	6.3577539884345216	0	1073.mp3
11.859184865891262	-5.345684690562261	1	337.mp3
4.933527399903796	-1.5816817982888893	1	1375.mp3
10.709375397551446	-5.570033273088472	2	400.mp3
3.005068108215601	-1.4467535359739345	1	1836.mp3
-0.8857271252325098	-6.440599683519245	4	467.mp3
-0.6235401038906074	-1.7841845424779712	0	469.mp3
-11.939520804698034	11.297897368309913	0	1931.mp3
7.353118932757418	-10.258380121617277	6	510.mp3
-9.214637719650566	4.531172474470736	0	1696.mp3
-12.20576201852318	11.49965078680783	0	1815.mp3
6.174637551244041	-14.631153769487659	4	674.mp3
-12.841271528572884	7.219880332591783	0	1306.mp3
-3.130979170636131	5.440502974822952	0	1963.mp3
-3.6399126118346317	-4.509415121073061	4	964.mp3
-3.192288252434089	2.285707304898443	0	1416.mp3
-13.359483495896999	10.475402298591339	0	1300.mp3
2.8326940469623465	-3.4734082172332053	6	1828.mp3
9.850280749761241	-15.310749550952599	3	876.mp3
7.272961753844833	-7.514215892012492	4	1854.mp3
4.360788209177863	-6.951614785288212	6	1671.mp3
16.450801746419966	-10.994095485738216	6	756.mp3
-13.422503821535953	10.63334726640085	0	799.mp3
-10.884742673216996	8.486701364558138	0	778.mp3
7.7838663797268755	-6.581205287600343	2	1309.mp3
-0.9804017724790182	1.1576187610099147	0	1645.mp3
-13.760102319451184	9.503515530208238	0	445.mp3
1.437219582864498	6.657922712291706	4	753.mp3
8.359545929935472	-0.07662207832442859	4	250.mp3
-8.874511198958997	0.5127510421009448	3	1060.mp3
-13.130766884256932	10.743573889972497	0	1518.mp3
13.392701748472076	-4.818309095682484	1	1449.mp3
-2.6300213619802646	1.7318910292866927	0	420.mp3
-4.2012014373810755	3.8750288880534396	0	1521.mp3
-12.129735167192607	9.943965525487345	0	1145.mp3
6.85875540956469	-2.954628467692437	1	1647.mp3
8.795984626430748	0.9351463557305562	3	334.mp3
-13.25830010214636	10.751404815598185	0	227.mp3
-8.867972092956007	4.354746028144176	0	1747.mp3
-10.162954962072053	11.33722066750773	0	1180.mp3
13.815048884941982	-12.43801225510513	6	300.mp3
5.67109326668032	-12.594411624860816	3	1487.mp3
14.046159784386955	-15.801517654943202	3	452.mp3
-9.686065729280392	9.695650751464356	0	1592.mp3
10.19098187702898	-13.75805084589332	3	259.mp3
7.702680663325599	-4.580455967988573	6	1526.mp3
-11.594145914909369	7.652571047629975	0	997.mp3
8.548711383339825	-10.427755784207406	3	744.mp3
-12.960345815118774	11.155495383679632	0	1957.mp3
6.6273895490864625	-2.7961798866215073	1	873.mp3
-13.343435378509213	10.677123629788497	0	571.mp3
-7.726124085132825	6.9547228845503275	0	1910.mp3
2.6872816612103296	-5.53562485046908	4	663.mp3
10.591341469348174	-1.3389289343369646	1	286.mp3
14.932482256299117	-10.845851371436828	4	157.mp3
5.078976288180468	2.0834958679986766	1	418.mp3
11.913666355208708	-16.95825116134549	3	1620.mp3
-13.226463933733758	10.802254285628447	0	1242.mp3
0.3560836638473774	8.11572579695517	0	559.mp3
-4.86724290336179	8.349012163009345	0	399.mp3
2.0594625713166548	-5.914397195052363	0	754.mp3
8.33287619568017	-15.69725403540013	3	401.mp3
-11.628701617842795	11.251730103290834	0	1283.mp3
-11.728540721598549	7.758876144165025	0	1807.mp3
-11.689736367576854	10.35820880401352	0	1697.mp3
-12.08654976577976	10.486307944240764	0	486.mp3
7.891677525176078	-2.641939802833582	7	1424.mp3
1.2535581155344369	2.2483543176270646	1	1669.mp3
10.165230737511058	-5.437863559849353	1	875.mp3
-13.51387880049731	10.568492093320025	0	1973.mp3
2.1811952192797937	-1.6310846315209746	0	1374.mp3
16.18155180810018	-16.295906915882064	3	1975.mp3
1.1317244451623565	-3.6790096082786508	0	1312.mp3
8.71394119357725	-6.672335438726801	6	668.mp3
6.684367727931612	-3.736776034804398	1	1881.mp3
9.94491489280512	-13.830567950862873	3	920.mp3
11.426435971725535	-5.824709153011583	1	1899.mp3
-12.337809885069019	8.987986075899876	0	205.mp3
-6.76844232896181	0.09232803176342295	0	439.mp3
7.188081712977547	-3.7886068542584703	0	1481.mp3
5.360670811279914	-6.506928015057799	0	187.mp3
-7.1870493553645876	8.97320145509986	0	1254.mp3
1.1755119087968793	2.0215001742362317	1	1826.mp3
13.536321452674017	-13.009804735313956	4	1543.mp3
-6.452625190425734	-2.3132817699987647	0	457.mp3
9.69479904491869	-2.6036994583479545	1	171.mp3
14.002802679841087	-15.0083374354193	3	1279.mp3
-2.637313058111742	-3.2628288913185126	0	123.mp3
-7.266814558787206	7.689485948012882	0	1897.mp3
-9.965270133001694	9.778091343757351	0	982.mp3
4.8732460300328855	3.030796571601784	2	1800.mp3
7.74283736841869	-3.1103389035581808	1	659.mp3
4.296457972126393	1.4365194014441227	1	1635.mp3
12.010041375940245	-14.952698193704048	3	1987.mp3
8.025054971797347	-0.7265928239410473	1	1473.mp3
-4.218144647131882	5.305531361888646	0	450.mp3
-6.068998317987305	4.1809768208504146	0	706.mp3
-10.841394882928826	8.18566031908321	0	210.mp3
-10.96841236521521	7.870321911941344	0	1936.mp3
1.7840011561531544	0.46925057851492563	1	1528.mp3
-9.928087631908614	10.909392289342952	0	767.mp3
-3.9985103445299526	4.045158149705038	0	1009.mp3
2.5461628572565957	4.4274931824829284	0	1802.mp3
8.027137768813322	-5.410423101800827	1	930.mp3
-3.968319094253818	6.443601683393492	0	1243.mp3
-12.850835398786696	11.06175048743093	0	19.mp3
8.318003456841522	-8.442176432757568	4	137.mp3
-12.030544251622262	11.198109887243083	0	317.mp3
-12.288727618801518	8.224711025678227	0	1169.mp3
4.858212011687657	0.7933553709964447	4	1721.mp3
5.844617712524738	-2.9580629656783786	1	502.mp3
8.86953817645089	-1.0219494878683157	1	750.mp3
7.088848108508805	-1.3656043820124608	1	1049.mp3
10.962505826998342	-2.8258958606710984	1	1940.mp3
5.652023521357226	-4.316561836559568	0	1958.mp3
-5.6628490872615105	3.839238835706972	0	592.mp3
3.9329318792963432	0.8915822208971946	1	709.mp3
-1.552204295667969	-0.5877884468691683	0	1363.mp3
-13.191202785030264	10.935671186852545	0	438.mp3
-9.533965205029814	8.97350817417067	0	1086.mp3
-6.871277264085479	0.5263449565787931	0	630.mp3
-6.7844538619169015	6.904655080752214	0	1866.mp3
-2.722230219895351	5.422437488900751	0	1381.mp3
3.470558612862395	-12.02612920233505	4	1839.mp3
6.783678464472358	-9.06866168217582	4	1105.mp3
-3.6991931167469296	2.623246719892091	0	1428.mp3
8.264315633784	-2.795496338480496	1	1022.mp3
8.163917145958626	-1.7064478849333826	1	1361.mp3
5.406750720366455	-3.049850212346323	1	1829.mp3
-2.9635410748795405	3.5807317658751536	0	306.mp3
8.13996137315975	1.7428219943546466	3	1693.mp3
3.319002865040395	-3.346624034039075	0	1359.mp3
5.503218393705891	-2.4726739938722653	1	1098.mp3
7.256327521839324	-3.9812733553168282	7	1609.mp3
-0.7110937598554818	-1.2366512062928752	0	1400.mp3
4.877983424316591	-3.205974114999519	4	717.mp3
16.38872138925349	-13.722433830893983	4	766.mp3
-1.3182588343011665	4.674349130340997	0	1013.mp3
7.876062093270379	-7.275754455124943	6	456.mp3
-4.402128623632885	-3.163578714188333	0	672.mp3
17.643162407572905	-12.355678805727877	4	1150.mp3
8.062224326672286	-2.3897407202948813	1	1467.mp3
2.0669547249630384	5.5230913670169866	4	813.mp3
-12.868064231699584	10.827819177447925	0	1574.mp3
-4.9250569288797665	6.098569309118958	0	1052.mp3
-12.22782356748243	10.96688566081001	0	239.mp3
4.845254594351471	-4.0366703450265735	11	1093.mp3
-2.139401093572181	7.057264524663544	0	476.mp3
13.834390870583132	-17.76499220338809	3	1501.mp3
-13.36698514823288	10.11500068947976	0	390.mp3
-5.481076369693737	0.10274545789591875	0	70.mp3
6.6452807832424625	1.0337008501134637	4	755.mp3
9.553151683244334	-13.53700530365727	3	1338.mp3
-0.27784462350074957	5.028561169196009	0	122.mp3
5.614731375136389	-6.370586158214225	6	1649.mp3
-13.510352746007936	10.353845980374714	0	622.mp3
-0.33950327289406446	-3.30050161889704	0	914.mp3
8.322892043002115	-15.140449681827835	3	284.mp3
-7.898685186546051	1.2176291227034213	0	781.mp3
-12.942744973910523	6.910831543221376	0	688.mp3
-10.370714562811019	11.280294657568902	0	927.mp3
3.719117705798865	-1.4874373114015413	1	1667.mp3
-11.038889881903506	7.180600119963312	0	1865.mp3
12.156581037409772	-16.273615818821042	3	1134.mp3
-0.8379592870170047	0.7446803458401947	0	411.mp3
-3.8076116977712378	8.924932233462306	0	1685.mp3
-2.6303925272922553	3.992291196079286	0	1982.mp3
13.658930754789118	-15.318203183600378	3	714.mp3
1.4726133912597787	0.6988891069364201	0	145.mp3
-4.200713616543058	8.716294420411984	0	507.mp3
-13.298500412301964	10.74907962070933	0	59.mp3
6.002179857064453	2.226392466789904	0	1246.mp3
-13.20270369220601	10.94493809064488	0	1385.mp3
3.3044149613574336	-11.458939859863698	3	1954.mp3
-2.932414155114443	6.331055001812892	0	41.mp3
16.116104769056662	-7.718648674156023	1	1673.mp3
-12.290890736573138	8.982859466953148	0	1979.mp3
14.69527361718455	-7.566483887965532	4	1159.mp3
-8.867480333787007	11.0355776478096	0	233.mp3
3.133627828921261	-1.9027535095657304	1	579.mp3
-13.18985184178114	10.90841418361154	0	163.mp3
-13.522855988320355	10.460582764915051	0	1586.mp3
3.4189070771568377	-2.7212586726647934	0	713.mp3
0.25508785614718615	1.5959397259034793	0	1141.mp3
11.238061785514201	-12.074895481393922	3	1295.mp3
-7.058941037139006	-0.06682906361823236	0	277.mp3
-10.568387301612589	9.74079431778769	0	533.mp3
6.833751902717083	-5.830667691959368	0	299.mp3
-9.777608661026546	3.224107423200912	0	1442.mp3
10.206762022383064	-15.918846505097136	3	498.mp3
14.194719288672554	-10.40599567849372	6	565.mp3
-7.458776150601284	2.8376975177287775	0	1325.mp3
7.428138826106492	-7.973842586037947	6	566.mp3
-13.030486367823535	10.787556431423559	0	1323.mp3
5.044020756805415	-7.785320189766366	0	363.mp3
-4.388922885120645	4.662176255232934	0	631.mp3
-13.289725165468479	10.688226231385222	0	488.mp3
11.214897194150186	-11.705063327522364	3	431.mp3
1.8891727000885468	4.643221951453149	1	1885.mp3
9.205963722849306	-5.02155793415907	10	1205.mp3
-2.6972805613852815	-1.031641323274309	0	922.mp3
4.548393466362362	-12.980699646643046	3	78.mp3
5.649654616080566	-3.3361387743794224	1	289.mp3
-10.840262365945941	10.707036658299025	0	1351.mp3
7.431541610815888	1.9491561834296534	3	1451.mp3
-10.102270192178894	8.496945537782192	0	513.mp3
-6.741066148000627	7.412879790592224	0	1806.mp3
4.229720537417528	-3.054982043040904	11	127.mp3
2.4591643427845815	0.7232744818410288	1	398.mp3
-12.202806674476326	10.941368323770797	0	1966.mp3
1.5010159872669262	-10.929941380818256	4	897.mp3
-1.7674657272833834	0.08573391150089428	0	220.mp3
9.35799700113282	-4.467857672695583	2	1852.mp3
18.17000223031479	-11.30957351612963	1	1151.mp3
-2.705985190830611	5.004907252092065	0	369.mp3
10.59980459884228	-14.31941623921746	3	200.mp3
-12.423148043785048	11.300437944822356	0	244.mp3
-11.056272088813913	9.201128100384853	0	426.mp3
3.5325185340789993	-0.7933171934077524	2	1776.mp3
10.42554714239522	-4.99008937321768	1	1701.mp3
10.666857700307549	-5.227184954981523	1	1427.mp3
6.869564169952741	-3.5516625499551253	1	252.mp3
8.619032881862722	-3.175263187553456	2	720.mp3
-8.869303006161626	9.424485794815146	0	1573.mp3
11.77524244733299	-6.145759800396329	6	1572.mp3
14.486276917554468	-8.679774707477806	6	1827.mp3
-11.06387708764663	8.143603235998205	0	913.mp3
-9.127611526506696	0.5733296813154741	0	1704.mp3
13.12965765264166	-11.895073528119068	6	1270.mp3
-2.699794951074229	2.219897530867351	0	874.mp3
4.310435143790769	-3.46016000417849	0	1110.mp3
-7.601480826683277	-1.025903591725974	0	527.mp3
-2.192840668480339	7.289296339359632	0	578.mp3
5.820792394272324	-1.8079328226078726	2	1798.mp3
-5.664875920751056	9.812126702238821	0	1089.mp3
-8.683480100786943	4.60917646401874	0	553.mp3
2.0959942772545337	5.766581433864265	0	1017.mp3
18.139672161756874	-14.448033780978788	6	572.mp3
-9.00484488801848	6.773860391073999	0	616.mp3
-8.251455355979676	4.281983280312338	0	985.mp3
13.673667415687357	-10.642504333172063	6	392.mp3
0.025343545571719524	-7.375753962120761	4	1059.mp3
-8.834041397287052	5.9531354504538765	0	1146.mp3
-4.254648032839156	2.4957050540655388	0	1365.mp3
-1.0872499588749873	-1.3638732563867002	0	1129.mp3
-9.609139812923647	7.613328377005074	0	1262.mp3
4.422193397491118	-3.356376351461707	0	1115.mp3
-12.210806444847263	11.25922674552748	0	1468.mp3
11.079027787619102	-12.52853212303595	6	1280.mp3
12.427213406337826	-7.002362263308561	6	34.mp3
-13.209140958452691	10.499949576034538	0	977.mp3
-1.077642918158507	2.564529551768562	2	1902.mp3
2.610893419678232	-12.157869496704372	3	809.mp3
-4.128178152446311	4.942077030740408	0	646.mp3
-11.987279218225204	9.296967401672227	0	1819.mp3
-4.558261866913308	9.729370143326687	0	364.mp3
14.577249634261827	-12.31932202455491	6	191.mp3
4.968638684025691	0.5698216251045752	1	1158.mp3
-13.25554590576084	10.575377058832801	0	1212.mp3
-10.424294255611178	5.279720934921858	0	499.mp3
8.489605449916217	-6.019017622342386	2	1593.mp3
9.034788115551553	-5.373503644620327	2	328.mp3
-2.4313083585853423	5.89704878121369	1	803.mp3
-12.178312261608658	9.312484680602283	0	1329.mp3
3.6826875049452585	0.03692413355430391	1	550.mp3
12.918465668776346	-15.148274284452524	3	1980.mp3
-8.623402490293135	9.582844295002351	0	1316.mp3
-10.461080020292735	6.911634759548742	0	490.mp3
-11.449857767683664	4.473790278989612	0	1264.mp3
-0.22897493746067363	-2.4704347661161017	0	725.mp3
6.775834335051338	-4.981316167150566	2	1611.mp3
15.95905860313165	-7.80471495263193	1	1395.mp3
8.918698120917643	-8.834622730870652	6	794.mp3
2.464737792980176	-8.995659498358968	3	1217.mp3
-12.603579590355734	11.190196937022984	0	1075.mp3
-0.6908423897468766	5.872693179190411	4	173.mp3
10.568618673049043	-17.05740832015512	3	354.mp3
-6.252056269287364	6.817126640737544	0	298.mp3
8.763881318234374	-4.521283072788947	2	1824.mp3
4.808904883821809	-6.759278725140331	6	1896.mp3
-12.213442500201397	11.195739303343984	0	1602.mp3
3.4044875953325837	-8.120707605762503	3	1448.mp3
3.1678397703772725	0.5345806696612043	0	899.mp3
3.703840383954871	-3.0072018392003956	7	600.mp3
3.7937073139528863	-3.49060240212549	0	1831.mp3
-7.86609014272461	7.204436970081409	0	1153.mp3
7.951663575376622	-10.899942606456483	3	255.mp3
-8.535051925591373	4.520197465701656	0	1799.mp3
-5.736278490711284	4.651840626265564	0	536.mp3
5.673732147432107	-0.2281368915570447	2	1680.mp3
1.6670183593213992	-3.0558346015675344	0	1354.mp3
-0.7544799496019708	6.468834021738762	0	186.mp3
1.3145383819017775	0.10567711606126937	0	1053.mp3
-1.8772175544451306	3.4588002487729868	0	291.mp3
4.898472416357167	2.5148578747729093	0	1127.mp3
9.859912885990214	-7.2241609205770185	6	815.mp3
8.404450502042382	-2.1240545794976464	0	74.mp3
-1.5332193307074489	5.308898381798355	0	370.mp3
11.376277656231077	-4.658670028859025	0	1536.mp3
7.068687048480334	-5.133779098187143	7	516.mp3
-12.68792199526754	10.973521526361774	0	1480.mp3
-13.49931496798061	10.482078711910106	0	1786.mp3
16.079735739108187	-10.673294066067132	6	795.mp3
-10.03735119494179	9.449115708910595	0	88.mp3
-2.0761030458611787	5.610563039978861	0	708.mp3
-13.386080768597747	10.60723235386714	0	938.mp3
9.721863757703428	-5.65915791585824	6	743.mp3
10.245783187883408	-2.192322674013996	1	823.mp3
6.257416596730714	-2.186681312659412	1	415.mp3
-11.387640052861444	7.803730197111643	0	959.mp3
14.290818102360781	-17.465546649094303	3	1733.mp3
-4.5118374386105335	-4.118057142837799	1	1587.mp3
-13.622902009223578	9.113379627635549	0	827.mp3
4.2022212758018584	-0.7023030482578128	7	1193.mp3
-7.140535064980102	-0.009253134042595293	0	453.mp3
-12.91675790531988	10.957487318349793	0	1569.mp3
4.649331053310329	-8.04090431094683	6	906.mp3
14.470720775288088	-6.621616716528045	1	1884.mp3
-5.55221440311164	5.86002853697681	0	594.mp3
-7.73756056987439	10.554750589346181	0	1549.mp3
-2.6793705374033423	0.9077768709625189	0	1411.mp3
-11.604476578036452	11.36806272730345	0	1368.mp3
-12.44306636300074	10.820687284342474	0	826.mp3
-3.42338475685433	8.548218349640075	0	1084.mp3
-9.266690487163125	2.0350493068398987	0	1710.mp3
7.8422015867934425	-4.555356570976728	1	1690.mp3
15.628592309906649	-12.54854518090573	3	56.mp3
2.304072814913727	-8.75602527952091	3	1176.mp3
12.36415063572828	-16.16060613951389	3	241.mp3
-3.5684397242519976	2.2692841239606745	0	763.mp3
6.490905325415936	-2.7981046111143484	1	1952.mp3
-13.232192489274913	10.852157052329371	0	219.mp3
5.709865466364667	3.115620231816528	4	943.mp3
-8.937563227903096	7.776573520433805	0	518.mp3
-13.410390714748667	7.980848703423421	0	667.mp3
-2.7240982934092552	4.464079027274312	0	1235.mp3
-11.623329586606042	7.050749890302718	0	760.mp3
-7.880234774524979	9.844944944490184	0	1357.mp3
-7.136482099096407	4.869723640941442	0	1406.mp3
-6.5537361997523575	3.965428543022966	0	851.mp3
-3.0052921787309055	0.18583548601623415	0	1749.mp3
11.299271120759604	-9.647951616333389	4	117.mp3
6.643111855792696	-4.8892785131175005	2	1862.mp3
-13.322949308245029	9.825608090340172	0	910.mp3
-11.307167615446062	7.098195664114844	0	1978.mp3
-8.019573256496654	9.12308690743798	0	16.mp3
5.71784262963486	-7.440048805643996	6	167.mp3
-1.7034735627956363	-4.223749029730239	0	1000.mp3
10.66367014317914	-2.4682770100184563	1	151.mp3
-13.21692609128789	10.892279785797292	0	1077.mp3
-4.335971121466618	4.540325640145361	0	1161.mp3
9.66650213866174	-4.587650328341211	2	967.mp3
0.6651168601554822	-5.969236341148684	0	1753.mp3
13.170049512775769	-17.637086935623202	3	1610.mp3
0.7697554365884077	-0.30987553078071306	0	342.mp3
13.167352073067994	-8.18451937073652	6	995.mp3
2.076138244896761	-1.3136727883549035	10	1051.mp3
-0.8450816065078954	3.2554307337451798	0	1491.mp3
6.911838080550338	-4.499282892228596	2	1420.mp3
10.751440544241209	-3.4992879111307964	6	67.mp3
3.7799491084801344	-10.314083653320234	4	503.mp3
15.790758875449521	-18.687918941946542	3	1085.mp3
-13.308831722959159	10.784231050063248	0	416.mp3
10.672417619959099	-4.180567695049887	1	1917.mp3
10.474388095713856	-3.381371946673957	6	554.mp3
3.2926849763354076	2.6660646059559197	0	206.mp3
-12.334326505374962	8.454700110751189	0	30.mp3
14.384446689266367	-13.567256629870025	3	11.mp3
-7.490121116625353	2.8675238433950883	0	1894.mp3
8.654051988252634	-5.240184851628054	2	933.mp3
9.569566167007148	-9.687860605818791	3	1757.mp3
-13.264232008332081	10.819606717690299	0	1479.mp3
9.608400412515852	-11.717593993366679	3	378.mp3
3.6004547164552285	-1.2887159439118427	2	837.mp3
-0.7805460503440542	-1.1031042753825435	0	1471.mp3
8.76412811456978	-3.495883877484093	1	564.mp3
-8.206239384459076	8.407127801876682	0	1532.mp3
-9.205943522101725	4.4403965324642725	0	39.mp3
6.8045116413849245	-15.09483737230668	3	459.mp3
7.173149734599713	-1.6615099500662573	2	534.mp3
17.945415497749842	-8.985857949710457	1	269.mp3
-5.352417409401816	7.559082721942602	0	879.mp3
-4.438580778002843	6.736607454713919	0	1268.mp3
9.122832078217941	-15.727711977244981	3	1261.mp3
-12.838545928553714	10.836527109762986	0	937.mp3
-6.90291241967124	2.782845190205625	0	866.mp3
4.903037332158342	-12.797284659383442	3	282.mp3
18.36737171936775	-8.1841513439039	1	367.mp3
0.4978534686474283	-3.6962205967744253	4	951.mp3
11.331832722953319	-16.996093911813023	3	547.mp3
-7.447534650647863	0.05500840890853236	0	1986.mp3
14.719245346481573	-9.034481298282913	1	896.mp3
-1.433129153334026	6.892288857507974	0	1856.mp3
-9.59790320517737	5.047046738736955	0	1315.mp3
-3.718163086461461	5.098918343859444	0	1349.mp3
5.396586066601911	-12.249680697704255	3	1871.mp3
-7.765553034129986	7.000013788329966	0	833.mp3
-8.474030160298309	8.869993857271798	0	323.mp3
-3.6235253067544586	6.308538790144228	0	40.mp3
5.173619593166272	-3.2479407755056364	1	904.mp3
-13.18347755691068	10.944625877590529	0	388.mp3
1.322083440969676	-3.430912573578223	6	1626.mp3
-0.5048770865640909	-2.4355769350319774	0	627.mp3
-4.487886845074394	4.0449969962784404	0	1974.mp3
-1.3428457061871144	1.24863429286625	0	1599.mp3
6.87362515233496	-5.337723904659663	2	936.mp3
-7.739392057024569	8.318475013305394	0	135.mp3
10.915679278200532	-6.615496685308385	6	371.mp3
4.504110093665745	1.0786638681910046	1	1639.mp3
-11.762212504408168	4.516625330807528	0	375.mp3
1.6962791945740223	0.8315762216427107	1	596.mp3
-9.979502812067771	11.657179105521882	0	1508.mp3
7.138608489025247	-0.6795018298817687	1	810.mp3
12.138126383077157	-8.414645820647825	6	643.mp3
6.550188152421098	-3.53873379563055	1	1432.mp3
1.1000660326304292	-0.45097118527909597	0	104.mp3
-2.738995290588646	5.74504832632011	2	1840.mp3
-9.91757999221283	7.619224901586916	0	911.mp3
-7.291695938973231	4.257607607950762	0	748.mp3
-11.417738676553196	10.048129309695952	0	1463.mp3
-11.529303603960638	9.630097686784623	0	1605.mp3
13.328382481061462	-10.9636776505382	6	1523.mp3
-3.979745541029038	4.9270392597964	0	1991.mp3
5.0144617800165365	-4.454095688320046	0	1244.mp3
0.8770749532225689	-3.172803163617386	0	324.mp3
-4.87648432100416	9.403268739154493	0	76.mp3
5.7276506007719785	-1.974583073544281	1	175.mp3
3.3769015164432523	-2.0047243966424557	1	1278.mp3
1.9942557851668554	0.33258994601053615	0	1486.mp3
-13.180857462807372	10.78785289856605	0	1564.mp3
10.226545537440293	0.45727353112291114	3	319.mp3
9.227149456381182	-4.701398993860202	0	1076.mp3
4.782036869520429	-13.836301870422655	4	1785.mp3
-5.0014950827035864	3.7600460552393447	0	1201.mp3
-12.315057926729773	11.45503367330738	0	330.mp3
-7.5688295499077896	7.976574469790575	0	558.mp3
-13.10130771854591	10.754991420646075	0	1783.mp3
-1.0324551589820912	-7.037749260391411	4	675.mp3
9.348240373431098	-15.765559185954448	4	1179.mp3
-1.163741387857339	-3.974185775554272	3	1937.mp3
5.861070721368252	-4.769801143655361	12	1390.mp3
0.2922787700526154	-2.8991418362106494	4	1339.mp3
-7.947646597060493	5.639691273584297	0	1096.mp3
-7.519175655421091	2.70408849421569	0	1743.mp3
-12.804724246438882	10.846215386614334	0	1956.mp3
8.87603699552301	-3.6304406613966336	7	1074.mp3
4.945006255116533	-1.3202979855833388	1	508.mp3
-13.044572220184476	9.18680935363035	0	1522.mp3
2.9374158781215742	5.235037804749174	4	168.mp3
3.812115638117496	-4.335306413561636	5	1769.mp3
12.21190668025207	-0.9988264241362951	1	436.mp3
-12.729569350370996	10.01959605141361	0	758.mp3
1.0990843963782133	0.5447460343977152	2	1709.mp3
8.391246920165035	-4.9511888526737815	1	1344.mp3
-5.69660870986407	5.248115668296561	0	526.mp3
4.738001068045706	-0.5757638849337229	6	1025.mp3
-9.75863288965527	4.758217095608446	0	984.mp3
-3.136915352654445	5.252746155865037	0	139.mp3
-12.023530890261943	10.744635916989276	0	955.mp3
-7.884831221573856	4.8752868979448944	0	689.mp3
6.239460419123881	-12.836340114692659	3	2.mp3
2.0908578560939675	2.628285488563088	1	1147.mp3
4.233630777327607	-3.472346726898201	1	1379.mp3
0.13497358429126036	-1.8947400983745606	0	146.mp3
8.179103041033823	-0.4215239179707147	2	1830.mp3
10.34819827520563	-11.630037928965429	3	1389.mp3
16.315305202839237	-9.987404012065703	3	1276.mp3
8.50843736468394	-1.0949769690457847	1	737.mp3
11.97339973282662	-8.806487011809839	6	1067.mp3
0.10636527212205475	-8.550197413617918	4	355.mp3
-4.754006780643349	0.9414704057654986	0	462.mp3
0.1993761401901996	-6.293279434392178	0	195.mp3
11.627994079816485	-8.71486664650211	6	296.mp3
12.098471950334703	-6.438296926802728	6	1513.mp3
1.0754517205637293	-2.135233554435415	0	948.mp3
3.270555839684315	-5.787202429330207	4	969.mp3
0.3436727284518779	1.0717452390089695	2	1116.mp3
-0.07357640598700513	2.326807446321641	0	1631.mp3
-4.0675969177899285	0.03241803450489749	0	1058.mp3
-11.573414914380969	6.498964344008055	0	582.mp3
-7.935515255753422	6.025672586981511	0	1719.mp3
-12.194403341881586	7.727103127073897	0	275.mp3
-13.320436105729575	10.732788847727273	0	978.mp3
6.514432301798925	0.48299394162899856	0	212.mp3
10.805552668620793	-13.242201586360975	3	1014.mp3
11.069491537238934	-5.7181334887752735	1	1175.mp3
0.6158247188154519	3.8711288694911867	0	979.mp3
6.6702357829622985	-2.178747110494007	0	1818.mp3
-5.196078657674276	-3.6998140045387844	3	1386.mp3
-3.502476445419514	1.6604968614004485	0	956.mp3
6.6419463157949234	-8.804985971492059	5	483.mp3
8.22216090175274	-0.161314980194248	1	1912.mp3
-12.699931311282095	7.470344853991243	0	485.mp3
-7.665828992183438	5.395327759943804	0	1665.mp3
5.842833873053981	0.3507793683147745	1	320.mp3
-4.353944629715262	-1.1513789423120422	0	1008.mp3
-3.225547099919097	4.257065559505991	0	798.mp3
8.53401554370833	-8.60038106155116	4	601.mp3
12.60249615805102	-14.363401631376787	3	779.mp3
2.5255522768460574	0.6845893380406459	2	1708.mp3
-6.069570051330336	5.180467755293356	0	539.mp3
-2.174504952261092	1.6190223783242812	0	489.mp3
-12.359293371913433	11.394681176049383	0	1443.mp3
7.840582071815493	-10.499393620149863	4	176.mp3
0.1136239773816172	-3.758232804133818	0	698.mp3
-12.677985421913212	10.42331863113292	0	1020.mp3
4.341699768072339	0.0760544022436573	2	143.mp3
8.849472847555958	-9.523798698514932	3	407.mp3
-12.930816130773193	11.09627547312653	0	7.mp3
-9.04069724369548	10.967066874202283	0	346.mp3
-9.35377013522736	10.595623550857635	0	1003.mp3
5.354624235072716	-4.922516264554845	0	25.mp3
12.1619353271603	-15.875448477797184	4	1851.mp3
6.25417369103988	0.9095855300275565	0	538.mp3
10.153951803361236	-2.179417298250024	6	1446.mp3
-9.951094874333808	6.594620807973233	0	1613.mp3
4.235579411912853	-4.754254757484438	6	1144.mp3
-7.542663860344926	6.870817643255585	0	595.mp3
8.850223242567823	-1.8620157988090509	7	1821.mp3
3.741441993332421	-10.224598094081564	3	1888.mp3
-7.0322812104135215	1.7565780742606096	0	1415.mp3
8.81444068039006	-7.622977115414905	3	159.mp3
-5.377163175409909	3.3405643830007943	0	464.mp3
-0.8611930664432377	0.20429271114510206	0	1148.mp3
0.0599130406678671	-1.3364363441963651	0	75.mp3
-4.682896803804217	4.746044774828559	0	1462.mp3
7.599874009349463	-3.670011428557268	0	1011.mp3
-13.166226282189308	10.89824706610571	0	785.mp3
-9.794514919210991	9.998047295133544	0	598.mp3
-1.395307268679565	-6.775274515320014	4	1214.mp3
-12.118076954380731	10.279217703363344	0	1026.mp3
12.529248881082745	-9.866632076644722	5	1016.mp3
-11.595642112770221	10.407410547398174	0	229.mp3
4.66776270517601	-12.951658879749846	3	1182.mp3
-10.03630828492678	3.728207041610719	0	154.mp3
4.121218441143404	-7.0665257233549745	5	1347.mp3
10.601006697138823	-15.188931330457175	3	1679.mp3
5.222448336357004	-0.22944230064859453	2	973.mp3
16.344334183886257	-9.49728316796014	4	1002.mp3
6.39584661335316	-4.662087997236647	2	458.mp3
-13.488463118983228	10.36118143697939	0	1732.mp3
-5.149763149269897	4.266889062327079	0	1232.mp3
-2.3461197178215722	3.849435488330824	0	1284.mp3
-9.979571005658556	7.4286626352104665	0	172.mp3
-0.27331855268847594	0.5373681911144883	0	1162.mp3
4.015896948870816	-4.839803734727663	0	512.mp3
14.064352851698658	-14.039387317838889	3	1358.mp3
17.761705406963053	-16.588158710745795	3	460.mp3
5.863615643368131	0.9719391559175717	2	1833.mp3
6.518751981078438	-1.361402279135558	1	636.mp3
-0.5090468893015164	2.9998825625718033	0	493.mp3
2.8145366489322354	-2.5236623541201006	0	1784.mp3
-7.156166103997713	5.559684264928408	0	557.mp3
4.924803969663087	-4.250015197133082	0	1628.mp3
7.498706472937827	-7.574057240443763	6	338.mp3
0.26949449972142026	-2.500643899195392	0	1472.mp3
5.922406142364308	-4.13143325874189	2	1612.mp3
2.411350815228069	-2.073422219865833	0	1907.mp3
6.653105789057698	-3.1731627577368213	1	1122.mp3
7.077623545921549	-2.9482044104299066	7	396.mp3
2.050073446536202	-0.5730400185564403	0	1048.mp3
-4.794376830995851	3.588544477805159	0	1870.mp3
2.666035394478855	-5.085702896249392	5	1340.mp3
-10.934452455953414	7.676712923870016	0	1557.mp3
-10.601727668765674	8.025763430361865	0	657.mp3
-12.448070122640555	10.545789222333013	0	945.mp3
-12.259131170840128	8.43272257239278	0	84.mp3
-12.923835580400755	11.010014245374947	0	1408.mp3
-7.325681240853437	6.325481015307035	0	23.mp3
-1.8654596678622886	-4.6555595125248646	3	685.mp3
5.400250509607376	-1.4570622234070962	2	1091.mp3
17.15407161759608	-15.485550707898241	3	853.mp3
-1.5149702836758918	1.7265488708973697	0	12.mp3
7.754427935983783	-2.3194874367185054	0	1313.mp3
-11.826977004364494	7.438751220282009	0	246.mp3
2.9810503333178464	-1.6916836302735234	10	1405.mp3
0.827500637478458	-3.296258321533759	0	1575.mp3
-13.24758510914136	10.580795205462133	0	1832.mp3
15.052160760721343	-15.887887435843231	3	1433.mp3
-7.214606851062705	5.4334259657158475	0	310.mp3
-12.545615268479045	7.732371737787563	0	440.mp3
12.338635866459054	-4.5566961875158905	3	958.mp3
11.0862658460178	-5.554840623433408	5	13.mp3
8.547199955184183	-15.315285772176917	3	1928.mp3
-13.075713016350106	10.413794394387429	0	796.mp3
2.9756958918052567	-1.1015763790666169	1	389.mp3
7.417257414749948	-5.372458312683131	0	628.mp3
-3.6373051356840693	6.029838059268471	0	1849.mp3
4.473286503844586	1.5605986533127014	1	17.mp3
-8.036552800698843	5.452263787259379	0	1392.mp3
-11.686693129711383	9.218427332607353	0	521.mp3
-13.143366098718277	6.948401433697439	0	1668.mp3
15.963278065984676	-10.118347212461988	1	946.mp3
-10.12384718254413	5.391035691543512	0	120.mp3
-12.605030147496608	10.507151435351114	0	947.mp3
4.852170810173763	-1.4864101694419902	2	1752.mp3
-11.501439568066408	10.29891111184323	0	434.mp3
-4.789583609841696	4.274917625163007	0	1121.mp3
-3.8101647609359333	-1.2955725749624296	0	644.mp3
5.656040944050726	-3.909084441790374	4	1101.mp3
-12.335784220151377	10.842596839745417	0	1876.mp3
5.607187162694196	-14.374690319497198	3	1239.mp3
-11.876955364380382	8.220708435060867	0	1044.mp3
7.905828023802237	-11.136922901489099	4	952.mp3
-12.780812291467136	10.97100542591631	0	656.mp3
9.569888362239869	-4.657697810768553	1	1035.mp3
8.38365922042835	-12.331698559612509	3	1796.mp3
5.9459248087521175	-3.527388173113282	1	1255.mp3
11.823374947448368	-3.57409895256211	1	379.mp3
5.982666520604302	-1.9905638164090025	1	839.mp3
-2.034770661320774	4.014778573191123	0	91.mp3
2.9523259195246343	-7.720312145589291	5	1652.mp3
11.630548993256957	-17.093537315146378	3	1100.mp3
-11.938067761284216	11.212169309855645	0	1149.mp3
19.13918699229935	-14.792841967878386	6	1754.mp3
-6.892920788487942	8.282391227449352	0	45.mp3
0.6852204527868802	-6.730316052230155	3	1638.mp3
0.7636600839768576	-2.1843783856971353	0	669.mp3
-13.647773162466299	10.179692289513211	0	1072.mp3
-12.972002474558167	10.994934570765041	0	383.mp3
5.472704219493009	-1.2481583213340859	7	351.mp3
6.761342031278547	-3.019571139993432	0	1503.mp3
6.671635409050294	-4.950002124273751	7	80.mp3
4.285349900936449	-4.457197081775084	2	814.mp3
-9.776860703221038	9.167527582691614	0	808.mp3
1.883657376301211	-1.012967913481644	2	599.mp3
0.26961773631203484	3.785026228659817	0	609.mp3
-3.8610785888002552	3.806619866707554	0	1499.mp3
-12.676675979176078	10.055079650773656	0	790.mp3
4.863523021931591	0.875459568785092	7	696.mp3
8.079778326143817	-5.201924149496699	7	1397.mp3
-4.9358321219823145	-0.15508494363635705	0	615.mp3
0.558203654134955	-0.6421387578356113	0	639.mp3
-2.0814044439342516	7.354352896380672	0	1456.mp3
2.077226796753855	-2.3343734957692805	2	569.mp3
8.949043711126325	1.1217663400342106	4	465.mp3
-10.064045980788357	10.212312357681029	0	1844.mp3
0.6597885355903556	-3.8102533204151636	4	724.mp3
1.6525709769688648	0.30682713740528955	0	102.mp3
-11.897946077091675	7.101895165352698	0	1321.mp3
13.95354516513141	-14.083910684540724	3	1171.mp3
1.8121667092992475	-3.282868557122656	0	1546.mp3
-12.530120374594802	11.232529727681163	0	1124.mp3
-12.027909922616866	8.08281948794375	0	1455.mp3
0.6684118234446336	-1.031092405880582	0	551.mp3
-0.5420756189696437	4.670676893569133	0	895.mp3
12.301164179687529	-11.965912638460678	3	996.mp3
5.26039556914609	-9.530511897732131	4	1654.mp3
11.029569013976722	-6.004312712021124	1	1336.mp3
-5.043222123152465	6.478283216197788	0	1935.mp3
-13.510102991942446	10.376491627561359	0	1908.mp3
-11.893174649205404	10.443753312383164	0	141.mp3
3.730187685091617	-9.697193278813797	4	1562.mp3
-13.130922940262572	11.00560911234203	0	1133.mp3
2.3354593538164816	-2.311010665276429	0	1296.mp3
-6.007527600344551	-2.6906919997873397	0	1992.mp3
-1.3943219727773	2.409568263535627	0	140.mp3
-12.034070242988136	9.591649890386506	0	1226.mp3
-0.12675794036847485	-0.7490441351250082	0	1655.mp3
4.807546938562208	0.17587906534393088	1	1804.mp3
-13.609671432865865	10.364831744064992	0	1838.mp3
5.362283628780937	-13.706700644893768	3	1277.mp3
-2.9654499277484065	-1.3433310377296404	2	607.mp3
3.5107874899739553	-1.143194763116727	2	1812.mp3
-12.64547066185864	6.594756091274055	0	1356.mp3
-3.2733159290476412	3.5711014723278334	0	1756.mp3
-1.5980671252347702	7.9055800204144635	4	1659.mp3
6.607517241116572	-5.67385159235331	2	529.mp3
13.073226449364157	-10.211713763059167	6	427.mp3
-9.624747540236346	6.986629842467118	0	1453.mp3
3.9337920746108272	-0.03791977587173006	1	768.mp3
7.136248121779461	-13.578258471733625	3	1403.mp3
-13.554839028588432	10.492376772452698	0	1183.mp3
13.177329810690074	-11.1860462879904	4	664.mp3
7.765188402037852	-14.404281662179569	4	1970.mp3
0.3567432250824987	-3.7957626445202393	0	1257.mp3
-10.56955167864508	11.271048037430665	0	1266.mp3
5.218108678074389	-6.287447138064566	6	812.mp3
1.5059549966791856	-4.706112933869358	2	935.mp3
6.353407556650815	-2.2578305140685786	1	1942.mp3
9.399377921719589	-8.824110572769998	5	408.mp3
9.010656151856892	-9.21957924986188	6	1932.mp3
-13.143906233201834	10.9543689592503	0	1055.mp3
7.382485540719693	-10.623582565796015	3	442.mp3
15.461603683794271	-5.572028754881186	4	1761.mp3
-13.043699830142534	11.035154956396823	0	1474.mp3
6.712393557913559	-11.346901486189818	3	473.mp3
4.757684928923104	-11.67713836356435	4	15.mp3
4.969023801002867	-5.82840779104838	0	591.mp3
-13.58401568677755	10.321490348995601	0	217.mp3
-1.5610031044931763	1.1111378172274367	0	1043.mp3
-0.1919646015617813	0.32642454949767435	0	882.mp3
-4.630301974525747	3.1259738609731804	0	684.mp3
3.1976512710724907	0.7439981656394451	2	704.mp3
-3.154381280756971	3.889982806403706	0	651.mp3
-13.562987532875823	8.440156344336348	0	848.mp3
-13.227121238637235	10.8858317312574	0	87.mp3
4.916224652536837	-11.998929782488803	3	372.mp3
10.967195189628201	-4.5544145728694305	1	158.mp3
-8.920379694432198	7.972991832338852	0	1853.mp3
4.965525394496726	-4.002470747486633	7	924.mp3
1.1157106891118973	-9.554187464952234	3	1545.mp3
-0.7822917226916588	2.0198303667659725	0	1012.mp3
-10.987387455606116	6.561515722650528	0	301.mp3
-2.9524004235138346	1.0310930007898835	0	864.mp3
-13.271902549717668	10.650119729564299	0	612.mp3
-12.763306440174228	10.253258405537629	0	1658.mp3
-10.144678986370744	11.428399799811219	0	918.mp3
-9.543588146113054	5.031935353236859	0	765.mp3
-11.350629934852847	8.45494332799267	0	1619.mp3
7.930237685740979	-4.460944225023523	7	1941.mp3
7.462334230041591	-13.65245498830388	3	1895.mp3
5.993064691327772	-2.2522187698593945	1	1184.mp3
-12.94313128995874	10.590934398350614	0	1903.mp3
-12.470803952096652	10.863967518290806	0	1512.mp3
2.65519083340403	0.2284294807856886	1	48.mp3
-12.616204883972447	10.988074080214167	0	305.mp3
4.9066773235071945	-3.5611715820534595	2	546.mp3
14.443517198083414	-7.259266343990498	4	1945.mp3
17.10848549051926	-18.46102772740708	3	1181.mp3
4.566613438279301	-1.6478860650047262	2	201.mp3
6.0503250234989	-1.882651096051426	1	262.mp3
8.399744756695087	-5.295628463466729	1	258.mp3
3.7362179027888387	0.5615562476011144	0	1196.mp3
11.54875462059715	-5.53891486763677	5	1370.mp3
5.376073768851877	2.269764493266063	4	549.mp3
8.17004357365218	-8.825343346379114	6	1595.mp3
-11.4472749827928	11.24933609120988	0	251.mp3
-13.128515597241263	10.96287632809307	0	336.mp3
-13.089077337535327	10.976477395695236	0	960.mp3
-10.778848212354266	9.32478782063963	0	1155.mp3
11.349064022416423	-5.951667682465137	1	1071.mp3
4.206041750349334	-12.390753167730667	3	1537.mp3
-13.334536772280838	10.553325865806865	0	1529.mp3
13.398942709710353	-14.01588622912358	3	1962.mp3
-9.529622964728663	7.452795359421807	0	673.mp3
-11.523731581614184	10.77026287715036	0	352.mp3
13.776795784486557	-14.293844611753435	6	118.mp3
-4.198599654638425	7.314067803619728	0	129.mp3
16.072267428755346	-14.37196837231318	3	1781.mp3
7.6151788455439196	-4.848315062232901	1	1724.mp3
6.431181763430361	-8.979526337436871	6	740.mp3
-13.2535835745619	10.826568239059572	0	963.mp3
-12.087899087928013	5.915022931655689	0	1886.mp3
-5.5782044869223935	6.287839363646332	0	1560.mp3
-0.4929283951645199	-3.000141573009705	0	96.mp3
3.3316339566433686	-2.318385237343624	0	583.mp3
-0.7564220602543497	-4.579356211991936	4	111.mp3
-4.472470738144796	4.868926809977163	0	194.mp3
-12.406623593941227	11.342046312891268	0	1353.mp3
-13.22791918823089	10.825832039558168	0	1584.mp3
-10.877023722121484	9.483037662801657	0	5.mp3
4.0747164733476735	1.3989106493674663	1	1156.mp3
10.92064086653747	-17.6335115694252	3	1228.mp3
-5.930482720688597	3.136084790434915	0	26.mp3
2.004836981482112	-10.429713375436545	4	805.mp3
15.096684799900535	-14.784027850442376	3	1637.mp3
1.3722528073648166	-9.198296610493637	4	939.mp3
-11.775923180206465	10.485744755594233	0	1656.mp3
15.038671343333633	-11.634703220423798	6	1274.mp3
7.016380081423519	-1.4470490072586286	2	1813.mp3
0.03737281769442812	-3.0599133052251015	0	1614.mp3
12.74659714214597	-15.567107890306291	3	103.mp3
-4.176853335072192	8.151940339410489	0	1.mp3
9.727085083555329	-3.742997237717302	1	697.mp3
1.2103012473656058	4.9551027528986005	0	1308.mp3
10.801055011486882	-4.124674973559054	1	1837.mp3
6.986393713821591	-1.1213677464151557	1	1346.mp3
-10.270295143990785	4.934305638167821	0	1291.mp3
-8.154211697200331	2.5907418869821255	0	1204.mp3
5.258162089039374	-7.4915329511817745	3	1099.mp3
7.649470534480757	-0.7249078576866332	1	1751.mp3
13.16787478667868	-16.833536931388497	3	9.mp3
5.235983830864861	2.1373695052484	1	394.mp3
3.1850430769297993	-4.781311978058114	0	1195.mp3
-10.014644595736893	7.56085267494693	0	723.mp3
9.980422763146244	-13.60572831258969	3	1215.mp3
15.594726051540405	-12.797863867244578	6	606.mp3
-7.889225435020462	8.013159979789318	0	1286.mp3
-13.286835508517777	10.160999592201806	0	230.mp3
5.092999603318338	-8.588709045544554	3	1267.mp3
-1.7647498106749893	6.152696213751092	0	729.mp3
3.884207794589326	1.0990076164150038	0	1042.mp3
5.6583799234578205	-7.511395980416703	5	1727.mp3
2.1792400539796977	-10.903963366257514	3	962.mp3
-1.8781396222999953	1.2037398114762707	0	574.mp3
4.418202181519269	-4.302023704238207	7	881.mp3
5.240492955370692	-0.885435510347515	1	1848.mp3
17.153807098410244	-11.544170661380782	6	1981.mp3
8.651745795571998	-8.620496274114329	10	471.mp3
11.253107650868188	-7.247972829734705	6	1192.mp3
2.4493215710659966	-8.49903799082995	4	648.mp3
-4.144186292721649	9.20294888819044	0	1624.mp3
0.5792248196034999	2.8314319693889134	0	1984.mp3
7.401050358533486	0.1572092706194838	1	1944.mp3
6.865783661871263	-1.1026223570750624	1	971.mp3
1.4937319581036523	-3.581969002339786	2	1211.mp3
-3.7091993555488	5.58805220030631	0	676.mp3
-0.0711201434542494	-5.518221106528878	3	1845.mp3
7.312832571049443	-0.7418368650609505	5	1380.mp3
9.782632861883808	-8.162211554030629	6	818.mp3
14.656290156918228	-13.917686847782129	6	1516.mp3
-13.558440110833574	10.443057134123313	0	85.mp3
8.846505820034805	-6.375355927983363	4	707.mp3
11.263309681466184	-15.901090417275173	3	208.mp3
-9.72288364003339	5.901954983539978	0	1722.mp3
-11.27112514267263	8.912014767193702	0	1608.mp3
-3.2006853197572522	8.739077103754331	0	393.mp3
-12.099543315127333	4.646749318626866	0	887.mp3
-10.997909661414349	10.102681400135262	0	721.mp3
0.11765103843338953	0.28505934250037845	0	1078.mp3
-12.160787207684669	10.70712186059692	0	1090.mp3
8.236677575737035	1.8513959557037256	2	647.mp3
6.54748849507367	-4.056631256534465	0	1591.mp3
9.345933466719668	-16.053023726583866	3	1018.mp3
17.00227687521157	-17.827282643705377	3	21.mp3
-13.46797609232195	9.888821272171892	0	1695.mp3
-9.149365866474424	3.3799887604596734	0	1410.mp3
-0.8759653024432958	5.004051408672526	0	841.mp3
0.37861576692629567	2.5359559705689816	0	770.mp3
-1.5422533691226021	-5.3393036751087175	4	1247.mp3
-4.200416309074551	-0.9472290882928213	4	1803.mp3
-10.445302906762777	4.322375324940302	0	1007.mp3
5.825593485725236	-3.110408618081029	1	1968.mp3
-13.138690935585212	10.813344512907165	0	892.mp3
5.074644523185615	-3.516007802315721	2	1909.mp3
-10.554477110189747	10.079492634340372	0	597.mp3
12.775232293503748	-16.928775147157864	3	1027.mp3
15.44351918581691	-14.718372308534734	3	1714.mp3
8.339351890762774	-16.030300497976704	3	183.mp3
8.764894705012907	-15.723950689081864	3	1287.mp3
-13.094370886452285	7.9810938474758375	0	261.mp3
7.924556913407115	-8.883182606344363	6	66.mp3
-13.277770787670212	10.811263308546378	0	949.mp3
-11.852110659283454	8.69315718301426	0	402.mp3
12.629416431260431	-5.9978417263436485	1	1102.mp3
1.8240143162263973	-1.13806866263285	0	681.mp3
4.392557137714987	-12.874018146885442	3	1566.mp3
8.274016244265827	-1.4596921965626568	1	1762.mp3
0.2020934724319843	-0.21077044040492757	0	1263.mp3
-8.138267854214995	9.376225528552888	0	871.mp3
-5.581583316784053	9.583821851220799	0	58.mp3
-3.8615209956961376	7.569631935874386	0	860.mp3
12.25623395315198	-4.651180609659666	1	1292.mp3
7.879347791794471	0.002620416219636604	2	970.mp3
-0.05234277274456829	0.8015163115122187	1	72.mp3
15.312916200514904	-11.918763268913578	6	1969.mp3
-0.16768894066169016	-0.19837748781121123	0	537.mp3
3.9774955977650723	0.32498735742227974	7	1891.mp3
-13.247735961356819	10.849367127927692	0	276.mp3
13.984524834191653	-5.9087195914579596	1	1033.mp3
-2.2190430820747027	0.7961915925485393	0	1946.mp3
-1.21228270976079	-0.3327199460163178	7	1506.mp3
-13.252795880607742	10.736138927882592	0	1883.mp3
-5.396941237264768	5.917789661931126	0	522.mp3
-3.406783907369033	2.4976872430665673	0	797.mp3
-13.621602985540665	10.293074492432805	0	225.mp3
3.6060296992632566	1.364085669176611	0	981.mp3
8.144414262644732	-14.496844611632303	3	850.mp3
3.9126656483078603	-0.8292842035474651	0	820.mp3
-5.492440122482884	-2.3406909462744254	2	1742.mp3
-13.032696447288377	10.077788245118965	0	974.mp3
-9.863349866459442	10.04168740292143	0	570.mp3
2.2468933856707287	4.042942406675373	1	156.mp3
7.822665358454647	-15.797417497553116	3	475.mp3
13.825360125816198	-17.564439965830655	3	148.mp3
-5.282321413545856	1.774297310588149	0	340.mp3
3.31878497136197	-1.3214326536624643	0	1788.mp3
-13.104779634876026	10.902762410823422	0	950.mp3
9.69154536606008	-13.384859119061447	3	929.mp3
12.316472110757813	-1.6589844701948073	1	433.mp3
-8.789740350769543	3.597682159391046	0	1988.mp3
0.8066648715562701	-6.130065987520392	4	1249.mp3
8.509874700795056	-6.39078002317116	0	625.mp3
2.307227759386192	-8.511722885154555	1	1275.mp3
5.069108955405472	-6.364190982844993	2	161.mp3
